GroupAttitude_1,GroupAttitude_2,GroupAttitude_5,GroupAttitude_6,GroupAttitude_7,GroupAttitude_8,GroupAttitude_9,GroupAttitude_10,GroupAttitude_DO,Q74,Q76,Q78,Q80,Q82,Q84,Q86,Q88,Q91_1,Q91_2,Q91_5,Q91_6,Q91_7,Q91_8,Q91_9,Q91_10,Q91_DO,Q93,Q94,Q95,Q96,Q97,Q98,Q99,Q100,Q62_1,Q99_6,Q99_7,Q99_8,Q99_9,Q99_DO,Q95,Q97_1,Q97_2,Q97_3,Q97_4,Q97_5,Q97_6,Q97_DO,Gender,Age,Politics,PoliticalOrientation,Comment,mTurkCode,FL_46_DO,FL_47_DO,FL_52_DO,Flurp_DO,Zaz_DO
We'd like to ask you some questions about your feelings toward your group and the other group.  Please rate the extent to which you agree or disagree with the following statements. - I like the Flurp group.,We'd like to ask you some questions about your feelings toward your group and the other group.  Please rate the extent to which you agree or disagree with the following statements. - I like the Zaz group.,We'd like to ask you some questions about your feelings toward your group and the other group.  Please rate the extent to which you agree or disagree with the following statements. - I feel attached to people in the Flurp group.,We'd like to ask you some questions about your feelings toward your group and the other group.  Please rate the extent to which you agree or disagree with the following statements. - I feel attached to people in the Zaz group.,We'd like to ask you some questions about your feelings toward your group and the other group.  Please rate the extent to which you agree or disagree with the following statements. - I identify with people in the Flurp  group.,We'd like to ask you some questions about your feelings toward your group and the other group.  Please rate the extent to which you agree or disagree with the following statements. - I identify with people in the Zaz group.,We'd like to ask you some questions about your feelings toward your group and the other group.  Please rate the extent to which you agree or disagree with the following statements. - I am willing to help people in the Flurp  group,We'd like to ask you some questions about your feelings toward your group and the other group.  Please rate the extent to which you agree or disagree with the following statements. - I am willing to help people in the Zaz group,We'd like to ask you some questions about your feelings toward your group and the other group.  Please rate the extent to which you agree or disagree with the following statements. - Display Order,the Flurp receives:  $2.10                                                                                    the Zaz receives:    $1.10,the Flurp receives:  $2.35 the Zaz receives:    $1.50,the Flurp receives:  $2.20 the Zaz receives:    $1.80,the Flurp receives:  $1.70 the Zaz receives:    $1.70,the Flurp receives:  $1.80 the Zaz receives:    $2.20,the Flurp receives:  $1.50 the Zaz receives:    $2.35,the Flurp receives:  $1.10 the Zaz receives:    $2.10,Which group were you in?,We'd like to ask you some questions about your feelings toward your group and the other group.  Please rate the extent to which you agree or disagree with the following statements. - I like the Flurp group.,We'd like to ask you some questions about your feelings toward your group and the other group.  Please rate the extent to which you agree or disagree with the following statements. - I like the Zaz group.,We'd like to ask you some questions about your feelings toward your group and the other group.  Please rate the extent to which you agree or disagree with the following statements. - I feel attached to people in the Flurp group.,We'd like to ask you some questions about your feelings toward your group and the other group.  Please rate the extent to which you agree or disagree with the following statements. - I feel attached to people in the Zaz group.,We'd like to ask you some questions about your feelings toward your group and the other group.  Please rate the extent to which you agree or disagree with the following statements. - I identify with people in the Flurp  group.,We'd like to ask you some questions about your feelings toward your group and the other group.  Please rate the extent to which you agree or disagree with the following statements. - I identify with people in the Zaz group.,We'd like to ask you some questions about your feelings toward your group and the other group.  Please rate the extent to which you agree or disagree with the following statements. - I am willing to help people in the Flurp  group,We'd like to ask you some questions about your feelings toward your group and the other group.  Please rate the extent to which you agree or disagree with the following statements. - I am willing to help people in the Zaz group,We'd like to ask you some questions about your feelings toward your group and the other group.  Please rate the extent to which you agree or disagree with the following statements. - Display Order,the Zaz receives:  $2.10                                                                                    the Flurp receives:    $1.10,the Zaz receives:  $2.35 the Flurp receives:    $1.50,the Zaz receives:  $2.20 the Flurp receives:    $1.80,the Zaz receives:  $1.70 the Flurp receives:    $1.70,the Zaz receives:  $1.80 the Flurp receives:    $2.20,the Zaz receives:  $1.50 the Flurp receives:    $2.35,the Zaz receives:  $1.10 the Flurp receives:    $2.10,Which group were you in?,We'd like to ask a question about you. Please rate the extent to which you agree or disagree with the following statement. - I have high self-esteem,"For each of the following organizations listed below, please indicate how much confidence you have in that organization. - The police","For each of the following organizations listed below, please indicate how much confidence you have in that organization. - The courts","For each of the following organizations listed below, please indicate how much confidence you have in that organization. - The government (in your nation's capital)","For each of the following organizations listed below, please indicate how much confidence you have in that organization. - Political parties","For each of the following organizations listed below, please indicate how much confidence you have in that organization. - Display Order",Generally speaking would you say that most people can be trusted or that you can't be too careful in dealing with people?,How much do you trust people from various groups. Could you tell me for each whether you trust people from this group - Your family,How much do you trust people from various groups. Could you tell me for each whether you trust people from this group - Your neighborhood,How much do you trust people from various groups. Could you tell me for each whether you trust people from this group - People you know personally,How much do you trust people from various groups. Could you tell me for each whether you trust people from this group - People you meet for the first time,How much do you trust people from various groups. Could you tell me for each whether you trust people from this group - People of another religion,How much do you trust people from various groups. Could you tell me for each whether you trust people from this group - People of another nationality,How much do you trust people from various groups. Could you tell me for each whether you trust people from this group - Display Order,Your gender:,Your age:,What is your political affiliation?,"How ""liberal"" or ""conservative"" would you say you are?",What do you think this study was about? Any comments? (optional),mTurkCode,FL_46 - Block Randomizer - Display Order,FL_47 - Block Randomizer - Display Order,FL_52 - Block Randomizer - Display Order,Flurp - Display Order,Zaz - Display Order
"{""ImportId"":""QID133_1""}","{""ImportId"":""QID133_2""}","{""ImportId"":""QID133_5""}","{""ImportId"":""QID133_6""}","{""ImportId"":""QID133_7""}","{""ImportId"":""QID133_8""}","{""ImportId"":""QID133_9""}","{""ImportId"":""QID133_10""}","{""ImportId"":""QID133_DO""}","{""ImportId"":""QID159""}","{""ImportId"":""QID160""}","{""ImportId"":""QID161""}","{""ImportId"":""QID162""}","{""ImportId"":""QID163""}","{""ImportId"":""QID164""}","{""ImportId"":""QID165""}","{""ImportId"":""QID166""}","{""ImportId"":""QID168_1""}","{""ImportId"":""QID168_2""}","{""ImportId"":""QID168_5""}","{""ImportId"":""QID168_6""}","{""ImportId"":""QID168_7""}","{""ImportId"":""QID168_8""}","{""ImportId"":""QID168_9""}","{""ImportId"":""QID168_10""}","{""ImportId"":""QID168_DO""}","{""ImportId"":""QID170""}","{""ImportId"":""QID171""}","{""ImportId"":""QID172""}","{""ImportId"":""QID173""}","{""ImportId"":""QID174""}","{""ImportId"":""QID175""}","{""ImportId"":""QID176""}","{""ImportId"":""QID177""}","{""ImportId"":""QID149_1""}","{""ImportId"":""QID183_6""}","{""ImportId"":""QID183_7""}","{""ImportId"":""QID183_8""}","{""ImportId"":""QID183_9""}","{""ImportId"":""QID183_DO""}","{""ImportId"":""QID181""}","{""ImportId"":""QID182_1""}","{""ImportId"":""QID182_2""}","{""ImportId"":""QID182_3""}","{""ImportId"":""QID182_4""}","{""ImportId"":""QID182_5""}","{""ImportId"":""QID182_6""}","{""ImportId"":""QID182_DO""}","{""ImportId"":""QID136""}","{""ImportId"":""QID137_TEXT""}","{""ImportId"":""QID138""}","{""ImportId"":""QID139""}","{""ImportId"":""QID140_TEXT""}","{""ImportId"":""mTurkCode""}","{""ImportId"":""FL_46_DO""}","{""ImportId"":""FL_47_DO""}","{""ImportId"":""FL_52_DO""}","{""ImportId"":""BL_07XLE3PgUeFVtQ1_DO""}","{""ImportId"":""BL_6rK5BneFzj1WI9n_DO""}"
,,,,,,,,,,,,,,,,,4,4,4,4,4,5,5,4,8|9|5|2|6|10|1|7,4,4,4,2,2,2,2,2,6,3,3,3,3,9|8|6|7,1,1,2,2,3,2,2,2|6|5|4|3|1,1,33,2,6,,2073296,Self-esteem|FL_47,Zaz,ImpersonalTrust|Trustininstitutions,,Q92|Q55|Q91|Q92|Q93|Q96|Q95|Q98|Q99|Q94|Q97|Q100
,,,,,,,,,,,,,,,,,3,3,3,3,2,2,3,3,8|7|9|2|5|10|1|6,2,2,2,5,3,2,3,1,7,3,2,4,4,7|9|8|6,1,4,4,2,4,4,4,1|2|3|6|4|5,2,58,2,1,people and groups,2325197,FL_47|Self-esteem,Zaz,ImpersonalTrust|Trustininstitutions,,Q92|Q55|Q91|Q92|Q99|Q97|Q93|Q95|Q98|Q96|Q94|Q100
6,6,6,6,7,7,7,7,7|5|10|6|9|2|8|1,5,5,5,5,5,5,5,1,,,,,,,,,,,,,,,,,,7,3,4,4,3,9|8|6|7,11,2,2,3,3,3,2,2|5|6|3|1|4,2,30,1,1,good,3092389,Self-esteem|FL_47,Flurp,Trustininstitutions|ImpersonalTrust,Q61|Q24|GroupAttitude|Q72|Q84|Q82|Q78|Q76|Q86|Q80|Q74|Q88,
,,,,,,,,,,,,,,,,,3,6,6,6,3,6,3,3,8|7|5|10|1|2|6|9,4,4,4,4,2,2,2,2,5,4,4,4,4,7|9|6|8,1,3,3,3,3,3,3,4|5|6|3|2|1,2,55,2,6,,8997579,FL_47|Self-esteem,Zaz,Trustininstitutions|ImpersonalTrust,,Q92|Q55|Q91|Q92|Q99|Q98|Q96|Q93|Q95|Q94|Q97|Q100
5,4,3,2,5,4,5,5,7|6|1|8|2|5|10|9,4,4,4,5,4,4,4,1,,,,,,,,,,,,,,,,,,3,2,3,3,3,9|6|8|7,1,1,2,1,3,2,2,3|5|6|1|2|4,1,33,4,4,,1863762,Self-esteem|FL_47,Flurp,ImpersonalTrust|Trustininstitutions,Q61|Q24|GroupAttitude|Q72|Q84|Q78|Q80|Q76|Q86|Q74|Q82|Q88,
5,5,2,2,2,3,5,6,5|7|2|10|8|9|1|6,2,2,4,5,5,5,4,1,,,,,,,,,,,,,,,,,,5,4,2,3,4,7|9|8|6,1,1,2,2,3,4,2,6|1|4|2|3|5,1,34,3,3,The weight of political orientation on xenophobic views.,8109489,FL_47|Self-esteem,Flurp,ImpersonalTrust|Trustininstitutions,Q61|Q24|GroupAttitude|Q72|Q76|Q78|Q84|Q74|Q80|Q86|Q82|Q88,
3,5,3,3,5,3,3,3,10|5|1|8|7|9|2|6,4,4,4,4,4,4,4,1,,,,,,,,,,,,,,,,,,6,3,3,3,3,8|9|7|6,1,4,3,2,2,3,1,2|6|5|1|3|4,1,28,1,3,nice,6530622,Self-esteem|FL_47,Flurp,Trustininstitutions|ImpersonalTrust,Q61|Q24|GroupAttitude|Q72|Q76|Q78|Q74|Q82|Q86|Q80|Q84|Q88,
,,,,,,,,,,,,,,,,,6,6,4,4,4,4,6,6,9|2|5|6|10|7|8|1,3,3,3,5,2,2,2,2,5,2,2,3,3,8|7|6|9,1,1,2,2,2,2,2,3|1|6|5|4|2,2,56,4,4,,7931894,Self-esteem|FL_47,Zaz,ImpersonalTrust|Trustininstitutions,,Q92|Q55|Q91|Q92|Q99|Q94|Q93|Q96|Q97|Q98|Q95|Q100
,,,,,,,,,,,,,,,,,4,5,4,4,7,4,4,6,5|1|9|2|7|6|10|8,5,5,3,5,4,5,4,2,6,3,1,4,3,8|9|7|6,11,4,3,2,4,3,3,4|6|2|3|5|1,2,27,2,5,good,4153175,FL_47|Self-esteem,Zaz,ImpersonalTrust|Trustininstitutions,,Q92|Q55|Q91|Q92|Q98|Q97|Q96|Q94|Q95|Q99|Q93|Q100
4,4,5,4,5,5,4,4,6|10|8|2|7|5|1|9,4,4,3,4,4,4,4,1,,,,,,,,,,,,,,,,,,4,3,3,3,2,8|6|9|7,11,3,4,3,3,2,3,1|5|4|6|2|3,2,31,2,4,,1242358,FL_47|Self-esteem,Flurp,ImpersonalTrust|Trustininstitutions,Q61|Q24|GroupAttitude|Q72|Q80|Q84|Q74|Q76|Q86|Q78|Q82|Q88,
,,,,,,,,,,,,,,,,,4,4,4,4,4,4,5,4,9|2|7|8|6|5|10|1,2,3,4,5,2,1,1,2,2,2,2,3,4,6|8|9|7,1,1,1,1,3,2,2,4|1|3|2|6|5,1,32,2,1,,9694491,Self-esteem|FL_47,Zaz,ImpersonalTrust|Trustininstitutions,,Q92|Q55|Q91|Q92|Q99|Q97|Q96|Q95|Q98|Q94|Q93|Q100
,,,,,,,,,,,,,,,,,4,4,4,4,4,4,6,6,5|9|1|10|6|8|2|7,4,3,4,4,4,4,4,2,5,3,3,3,3,9|6|7|8,1,2,3,2,3,3,3,4|5|6|1|3|2,2,40,1,4,opinions,2277685,Self-esteem|FL_47,Zaz,ImpersonalTrust|Trustininstitutions,,Q92|Q55|Q91|Q92|Q95|Q98|Q97|Q99|Q93|Q96|Q94|Q100
6,5,7,7,6,6,6,5,2|1|5|8|10|9|6|7,4,4,3,3,5,3,3,1,,,,,,,,,,,,,,,,,,5,3,4,3,2,9|8|7|6,1,3,3,3,2,3,2,3|6|5|2|4|1,1,30,1,3,good,9776187,FL_47|Self-esteem,Flurp,ImpersonalTrust|Trustininstitutions,Q61|Q24|GroupAttitude|Q72|Q86|Q84|Q74|Q80|Q82|Q78|Q76|Q88,
4,4,4,5,5,4,4,4,5|10|9|8|2|1|7|6,3,3,3,3,3,3,3,1,,,,,,,,,,,,,,,,,,4,3,3,3,3,8|6|9|7,1,2,2,2,2,2,2,1|3|5|2|6|4,2,24,4,4,,1328345,FL_47|Self-esteem,Flurp,Trustininstitutions|ImpersonalTrust,Q61|Q24|GroupAttitude|Q72|Q84|Q86|Q78|Q74|Q76|Q80|Q82|Q88,
,,,,,,,,,,,,,,,,,6,6,4,5,4,5,6,6,7|10|9|8|5|6|1|2,1,1,1,5,1,1,1,2,2,2,2,4,4,6|9|7|8,1,1,2,2,3,2,2,4|3|1|2|6|5,2,42,2,3,To see who people are prone to trust or distrust.,214921,Self-esteem|FL_47,Zaz,ImpersonalTrust|Trustininstitutions,,Q92|Q55|Q91|Q92|Q94|Q95|Q96|Q98|Q97|Q93|Q99|Q100
5,5,5,5,5,3,5,5,8|7|9|6|2|10|5|1,5,5,5,5,5,5,5,1,,,,,,,,,,,,,,,,,,5,2,3,3,3,6|8|7|9,11,2,3,2,3,2,2,2|1|6|4|3|5,1,26,2,1,,1999626,Self-esteem|FL_47,Flurp,ImpersonalTrust|Trustininstitutions,Q61|Q24|GroupAttitude|Q72|Q74|Q76|Q86|Q84|Q78|Q82|Q80|Q88,
4,4,4,4,4,4,4,4,1|10|2|6|5|8|9|7,3,3,3,3,3,3,3,1,,,,,,,,,,,,,,,,,,4,3,2,3,3,7|6|8|9,1,2,2,3,3,2,3,1|2|4|6|3|5,1,29,1,4,,2173744,Self-esteem|FL_47,Flurp,ImpersonalTrust|Trustininstitutions,Q61|Q24|GroupAttitude|Q72|Q78|Q74|Q76|Q82|Q80|Q84|Q86|Q88,
,,,,,,,,,,,,,,,,,4,4,4,4,4,4,4,4,7|1|9|6|10|5|8|2,3,3,3,4,3,3,3,2,3,2,2,3,4,6|8|7|9,11,1,2,1,2,2,2,1|6|5|3|4|2,2,57,2,2,"Zaz or Flurp...I don't know any of them, so I have no opinion about them. For all I know, I could have been plunked down into a group very much at odds with what I respect. As for trusting people, it all depends on what I'd need to trust them with. Trust them not to hurt me? Physically? Emotionally? Trust them to follow through on a promise at the right time? All depends on the individual.",561826,FL_47|Self-esteem,Zaz,ImpersonalTrust|Trustininstitutions,,Q92|Q55|Q91|Q92|Q98|Q95|Q94|Q93|Q99|Q96|Q97|Q100
,,,,,,,,,,,,,,,,,4,1,2,2,2,2,2,4,7|1|2|6|9|10|8|5,3,4,3,3,4,3,3,1,4,1,1,4,2,8|7|9|6,1,2,2,4,2,2,1,3|2|6|1|5|4,1,27,3,2,GOODS,4991329,FL_47|Self-esteem,Zaz,Trustininstitutions|ImpersonalTrust,,Q92|Q55|Q91|Q92|Q98|Q99|Q97|Q96|Q95|Q93|Q94|Q100
4,4,4,4,4,4,4,4,2|5|10|7|9|8|1|6,2,2,3,4,3,2,2,1,,,,,,,,,,,,,,,,,,6,4,4,4,4,8|7|9|6,1,3,3,2,3,3,3,3|6|2|1|4|5,1,26,4,4,,8738672,FL_47|Self-esteem,Flurp,Trustininstitutions|ImpersonalTrust,Q61|Q24|GroupAttitude|Q72|Q78|Q82|Q80|Q86|Q76|Q74|Q84|Q88,
,,,,,,,,,,,,,,,,,5,4,5,3,4,5,5,5,10|7|6|1|8|5|2|9,5,5,5,5,1,1,1,2,7,2,3,3,3,6|8|7|9,1,3,2,2,3,3,3,2|3|4|5|1|6,1,28,2,1,no idea!,4206739,Self-esteem|FL_47,Zaz,ImpersonalTrust|Trustininstitutions,,Q92|Q55|Q91|Q92|Q94|Q99|Q93|Q95|Q97|Q98|Q96|Q100
,,,,,,,,,,,,,,,,,3,3,5,4,3,4,4,4,8|7|5|9|1|10|2|6,3,4,4,5,4,2,5,2,4,1,2,2,2,6|9|8|7,11,2,3,3,3,3,3,4|3|1|2|5|6,1,21,2,1,,6044955,Self-esteem|FL_47,Zaz,Trustininstitutions|ImpersonalTrust,,Q92|Q55|Q91|Q92|Q93|Q97|Q98|Q94|Q96|Q95|Q99|Q100
,,,,,,,,,,,,,,,,,3,3,2,3,3,2,2,2,6|7|9|10|1|8|2|5,4,3,3,4,4,3,3,1,4,2,4,3,3,9|8|7|6,1,3,2,3,4,2,3,6|1|2|5|4|3,1,32,2,8,,676075,Self-esteem|FL_47,Zaz,Trustininstitutions|ImpersonalTrust,,Q92|Q55|Q91|Q92|Q93|Q96|Q97|Q94|Q99|Q95|Q98|Q100
7,7,7,7,7,7,7,7,2|10|5|7|1|8|9|6,1,1,1,5,1,1,1,1,,,,,,,,,,,,,,,,,,5,1,1,1,1,7|6|9|8,1,1,1,1,1,1,1,5|6|2|4|3|1,1,36,2,1,,6165229,Self-esteem|FL_47,Flurp,Trustininstitutions|ImpersonalTrust,Q61|Q24|GroupAttitude|Q72|Q80|Q78|Q74|Q86|Q84|Q76|Q82|Q88,
4,4,1,1,1,4,4,4,10|1|2|8|9|6|5|7,2,2,3,2,3,2,3,1,,,,,,,,,,,,,,,,,,4,2,2,3,4,7|9|8|6,11,2,4,2,3,3,3,4|1|3|2|6|5,1,36,4,4,,9470100,FL_47|Self-esteem,Flurp,Trustininstitutions|ImpersonalTrust,Q61|Q24|GroupAttitude|Q72|Q78|Q82|Q84|Q74|Q80|Q86|Q76|Q88,
,,,,,,,,,,,,,,,,,4,4,3,3,4,4,4,4,10|9|8|2|6|7|1|5,2,3,4,5,3,2,2,2,2,3,3,3,3,9|6|8|7,1,2,3,2,3,2,2,3|1|5|4|6|2,1,35,2,4,,30299,Self-esteem|FL_47,Zaz,Trustininstitutions|ImpersonalTrust,,Q92|Q55|Q91|Q92|Q93|Q99|Q94|Q97|Q98|Q95|Q96|Q100
4,4,4,4,4,4,6,6,7|8|5|6|10|2|1|9,3,3,4,5,4,3,3,1,,,,,,,,,,,,,,,,,,6,2,2,3,3,8|9|7|6,1,1,3,2,3,3,3,3|4|6|2|1|5,2,58,2,1,,9027803,FL_47|Self-esteem,Flurp,Trustininstitutions|ImpersonalTrust,Q61|Q24|GroupAttitude|Q72|Q86|Q84|Q74|Q78|Q76|Q82|Q80|Q88,
6,6,7,7,7,7,6,6,7|2|8|9|6|10|5|1,5,4,4,5,4,4,4,1,,,,,,,,,,,,,,,,,,6,2,2,1,3,8|9|7|6,1,2,2,2,1,3,2,4|5|3|2|6|1,1,30,1,5,good,4386889,Self-esteem|FL_47,Flurp,ImpersonalTrust|Trustininstitutions,Q61|Q24|GroupAttitude|Q72|Q76|Q80|Q82|Q74|Q84|Q78|Q86|Q88,
,,,,,,,,,,,,,,,,,4,5,3,5,4,5,5,5,6|9|10|7|1|5|8|2,4,4,4,4,2,2,2,2,4,2,3,3,3,9|6|7|8,11,1,3,2,4,3,3,3|6|5|2|4|1,1,40,1,4,,3716059,FL_47|Self-esteem,Zaz,Trustininstitutions|ImpersonalTrust,,Q92|Q55|Q91|Q92|Q94|Q93|Q99|Q97|Q96|Q98|Q95|Q100
4,4,1,1,1,1,4,4,2|9|1|7|5|6|10|8,2,2,2,5,3,2,2,1,,,,,,,,,,,,,,,,,,2,3,3,3,4,9|7|6|8,11,2,3,2,3,3,3,3|1|2|5|4|6,1,30,2,2,,973356,FL_47|Self-esteem,Flurp,Trustininstitutions|ImpersonalTrust,Q61|Q24|GroupAttitude|Q72|Q82|Q86|Q78|Q76|Q74|Q80|Q84|Q88,
4,4,4,4,5,4,5,4,7|9|2|10|6|5|1|8,2,4,3,5,3,2,2,1,,,,,,,,,,,,,,,,,,3,3,3,4,4,6|7|8|9,11,2,2,2,2,2,2,1|3|4|6|5|2,1,37,2,1,,9698101,Self-esteem|FL_47,Flurp,Trustininstitutions|ImpersonalTrust,Q61|Q24|GroupAttitude|Q72|Q76|Q74|Q84|Q86|Q82|Q80|Q78|Q88,
,,,,,,,,,,,,,,,,,4,4,1,2,1,2,4,2,2|9|1|7|6|5|10|8,3,2,3,4,2,2,2,2,6,3,3,4,4,8|9|6|7,1,1,2,1,3,3,3,3|6|5|2|1|4,1,34,2,3,,2957746,FL_47|Self-esteem,Zaz,Trustininstitutions|ImpersonalTrust,,Q92|Q55|Q91|Q92|Q99|Q96|Q95|Q98|Q93|Q94|Q97|Q100
5,7,5,6,6,5,7,6,5|10|9|7|1|2|6|8,5,5,4,4,5,4,4,1,,,,,,,,,,,,,,,,,,6,1,1,2,2,8|6|9|7,1,2,2,1,1,1,2,1|6|5|4|2|3,1,30,1,3,like,4982810,Self-esteem|FL_47,Flurp,Trustininstitutions|ImpersonalTrust,Q61|Q24|GroupAttitude|Q72|Q84|Q86|Q82|Q78|Q80|Q76|Q74|Q88,
,,,,,,,,,,,,,,,,,3,6,2,6,2,6,2,6,7|6|2|8|10|1|5|9,4,4,4,2,1,1,1,2,5,2,3,2,3,8|9|6|7,1,1,3,2,3,3,2,1|4|3|6|2|5,1,38,4,4,,7232962,FL_47|Self-esteem,Zaz,Trustininstitutions|ImpersonalTrust,,Q92|Q55|Q91|Q92|Q99|Q97|Q93|Q96|Q98|Q94|Q95|Q100
6,6,6,4,6,4,6,5,1|2|9|7|8|10|5|6,4,4,4,5,4,4,3,1,,,,,,,,,,,,,,,,,,5,3,2,3,3,8|6|9|7,11,2,2,2,2,2,2,5|3|6|4|2|1,2,34,2,1,,5580985,Self-esteem|FL_47,Flurp,Trustininstitutions|ImpersonalTrust,Q61|Q24|GroupAttitude|Q72|Q76|Q86|Q78|Q80|Q74|Q84|Q82|Q88,
5,4,5,4,6,5,6,6,10|6|9|1|5|2|7|8,3,4,4,5,4,3,2,1,,,,,,,,,,,,,,,,,,6,2,2,3,3,9|7|8|6,11,1,2,1,2,2,2,4|5|2|1|3|6,1,38,4,4,How people think about belonging to groups.,9723932,FL_47|Self-esteem,Flurp,ImpersonalTrust|Trustininstitutions,Q61|Q24|GroupAttitude|Q72|Q76|Q78|Q80|Q84|Q74|Q86|Q82|Q88,
,,,,,,,,,,,,,,,,,5,7,6,6,4,6,5,6,10|5|9|8|6|1|2|7,4,4,4,5,2,1,2,2,2,1,2,2,3,7|6|9|8,11,1,2,2,2,2,2,3|1|5|4|6|2,2,49,1,6,if we are more inclined to give to someone from our group,3913702,FL_47|Self-esteem,Zaz,ImpersonalTrust|Trustininstitutions,,Q92|Q55|Q91|Q92|Q96|Q99|Q98|Q95|Q93|Q97|Q94|Q100
,,,,,,,,,,,,,,,,,4,5,1,4,4,4,7,7,8|7|9|5|2|6|1|10,5,5,5,5,5,5,5,2,7,2,2,3,4,6|7|8|9,1,1,3,2,3,3,3,4|2|1|3|6|5,1,23,1,6,,8771282,FL_47|Self-esteem,Zaz,Trustininstitutions|ImpersonalTrust,,Q92|Q55|Q91|Q92|Q93|Q96|Q98|Q94|Q95|Q99|Q97|Q100
,,,,,,,,,,,,,,,,,6,5,5,6,6,6,6,6,2|5|9|1|7|10|8|6,2,2,2,5,2,2,2,2,5,3,3,4,4,6|9|7|8,11,2,2,2,2,2,2,3|1|2|4|5|6,2,33,2,2,I have no clue,3593299,FL_47|Self-esteem,Zaz,ImpersonalTrust|Trustininstitutions,,Q92|Q55|Q91|Q92|Q96|Q98|Q95|Q94|Q93|Q97|Q99|Q100
,,,,,,,,,,,,,,,,,7,7,7,7,7,7,7,7,10|1|6|2|5|8|7|9,4,4,5,5,2,2,1,2,7,2,2,3,3,8|9|6|7,11,1,1,1,2,1,1,3|1|6|5|2|4,2,38,2,1,not sure,715056,Self-esteem|FL_47,Zaz,ImpersonalTrust|Trustininstitutions,,Q92|Q55|Q91|Q92|Q97|Q99|Q94|Q96|Q98|Q95|Q93|Q100
,,,,,,,,,,,,,,,,,4,4,2,2,2,4,3,5,2|6|10|8|5|1|9|7,1,1,2,5,2,1,1,2,2,4,3,4,4,6|7|8|9,1,1,2,1,4,2,2,4|6|5|2|3|1,1,22,3,4,,8117325,FL_47|Self-esteem,Zaz,Trustininstitutions|ImpersonalTrust,,Q92|Q55|Q91|Q92|Q96|Q95|Q97|Q98|Q93|Q94|Q99|Q100
,,,,,,,,,,,,,,,,,4,7,1,7,1,7,7,7,2|1|9|5|10|6|7|8,5,5,5,5,1,1,1,2,7,2,2,2,2,9|6|7|8,11,1,2,1,3,2,2,6|3|1|5|2|4,2,35,1,7,,446836,Self-esteem|FL_47,Zaz,ImpersonalTrust|Trustininstitutions,,Q92|Q55|Q91|Q92|Q97|Q98|Q93|Q94|Q99|Q96|Q95|Q100
7,2,7,2,7,2,7,2,8|2|9|7|1|5|10|6,5,5,5,4,1,1,1,1,,,,,,,,,,,,,,,,,,6,3,4,4,4,9|7|8|6,1,1,2,1,4,4,2,6|3|2|5|4|1,1,26,2,2,,4754914,Self-esteem|FL_47,Flurp,Trustininstitutions|ImpersonalTrust,Q61|Q24|GroupAttitude|Q72|Q86|Q74|Q82|Q84|Q76|Q78|Q80|Q88,
,,,,,,,,,,,,,,,,,4,5,2,2,2,2,2,6,6|7|9|1|8|5|10|2,4,4,4,5,2,2,2,2,6,2,2,2,3,8|7|6|9,11,1,2,1,2,2,2,4|3|1|5|6|2,1,43,1,6,,1704909,FL_47|Self-esteem,Zaz,Trustininstitutions|ImpersonalTrust,,Q92|Q55|Q91|Q92|Q96|Q94|Q99|Q97|Q93|Q95|Q98|Q100
5,7,6,5,5,6,6,6,7|5|2|10|1|9|6|8,4,4,4,3,5,4,3,1,,,,,,,,,,,,,,,,,,6,3,3,4,4,6|8|7|9,1,4,2,3,3,4,3,3|5|6|2|4|1,2,29,2,6,good survey,199338,Self-esteem|FL_47,Flurp,Trustininstitutions|ImpersonalTrust,Q61|Q24|GroupAttitude|Q72|Q74|Q84|Q80|Q78|Q76|Q82|Q86|Q88,
,,,,,,,,,,,,,,,,,2,5,2,5,3,5,2,6,5|2|1|9|10|8|6|7,4,4,4,4,2,2,2,2,3,3,3,4,3,7|6|8|9,1,1,3,2,3,2,2,3|5|6|1|2|4,1,27,2,3,,9225672,FL_47|Self-esteem,Zaz,ImpersonalTrust|Trustininstitutions,,Q92|Q55|Q91|Q92|Q97|Q96|Q98|Q93|Q99|Q95|Q94|Q100
6,4,6,4,6,4,6,4,5|1|8|6|7|10|9|2,2,2,2,2,1,1,1,1,,,,,,,,,,,,,,,,,,5,1,1,2,2,8|9|6|7,1,1,2,1,2,2,3,6|2|3|4|5|1,1,53,2,2,Unsure,4543430,FL_47|Self-esteem,Flurp,Trustininstitutions|ImpersonalTrust,Q61|Q24|GroupAttitude|Q72|Q76|Q74|Q86|Q80|Q84|Q82|Q78|Q88,
,,,,,,,,,,,,,,,,,5,7,1,5,1,5,6,7,5|6|8|9|10|7|1|2,5,5,5,5,5,5,5,2,7,3,3,4,4,6|9|8|7,11,1,2,1,2,2,2,3|2|6|5|1|4,2,25,2,2,,7919272,FL_47|Self-esteem,Zaz,ImpersonalTrust|Trustininstitutions,,Q92|Q55|Q91|Q92|Q95|Q97|Q98|Q93|Q99|Q96|Q94|Q100
5,4,5,3,5,3,6,5,6|9|8|10|2|7|1|5,4,2,4,5,2,2,2,1,,,,,,,,,,,,,,,,,,2,3,3,3,3,9|8|6|7,11,2,2,2,3,2,2,1|3|4|6|5|2,1,42,2,2,,2197907,Self-esteem|FL_47,Flurp,Trustininstitutions|ImpersonalTrust,Q61|Q24|GroupAttitude|Q72|Q74|Q78|Q82|Q76|Q86|Q80|Q84|Q88,
,,,,,,,,,,,,,,,,,4,6,3,7,3,7,6,7,2|8|1|7|5|9|6|10,4,5,5,4,2,2,1,2,5,3,2,3,3,9|6|8|7,11,1,2,1,3,3,3,3|4|6|1|2|5,1,31,2,2,I'm not really sure.,2910698,Self-esteem|FL_47,Zaz,ImpersonalTrust|Trustininstitutions,,Q92|Q55|Q91|Q92|Q93|Q94|Q96|Q95|Q97|Q99|Q98|Q100
6,6,6,5,5,6,6,5,6|7|5|1|9|8|10|2,2,4,5,5,2,2,2,1,,,,,,,,,,,,,,,,,,5,2,2,2,3,6|7|8|9,1,1,2,1,3,2,2,5|2|1|6|3|4,2,22,4,2,Maybe how much group membership influences trust??,1366945,Self-esteem|FL_47,Flurp,ImpersonalTrust|Trustininstitutions,Q61|Q24|GroupAttitude|Q72|Q78|Q84|Q80|Q74|Q86|Q76|Q82|Q88,
4,4,1,1,1,1,4,4,5|9|6|2|7|10|1|8,2,2,2,4,2,2,2,1,,,,,,,,,,,,,,,,,,7,3,3,3,4,8|7|6|9,11,2,2,2,2,2,2,4|2|6|5|1|3,1,49,4,4,,2679505,Self-esteem|FL_47,Flurp,ImpersonalTrust|Trustininstitutions,Q61|Q24|GroupAttitude|Q72|Q80|Q86|Q76|Q82|Q74|Q78|Q84|Q88,
6,4,6,5,4,6,7,6,5|2|1|8|7|6|10|9,4,5,4,4,2,2,2,2,,,,,,,,,,,,,,,,,,5,4,3,4,3,7|8|9|6,11,3,3,4,3,3,2,6|5|2|3|1|4,1,35,1,7,nice study,469861,FL_47|Self-esteem,Flurp,Trustininstitutions|ImpersonalTrust,Q61|Q24|GroupAttitude|Q72|Q74|Q82|Q80|Q76|Q86|Q84|Q78|Q88,
7,5,7,5,7,5,7,5,10|2|8|7|9|6|1|5,5,5,4,4,2,2,1,1,,,,,,,,,,,,,,,,,,6,4,4,4,4,9|7|6|8,11,1,2,2,2,2,2,1|4|3|5|6|2,1,39,4,6,,6627956,Self-esteem|FL_47,Flurp,ImpersonalTrust|Trustininstitutions,Q61|Q24|GroupAttitude|Q72|Q78|Q80|Q74|Q76|Q84|Q86|Q82|Q88,
,,,,,,,,,,,,,,,,,5,5,2,6,2,6,5,7,2|1|5|6|7|9|8|10,4,4,4,2,1,1,1,2,6,3,4,4,3,8|7|9|6,11,1,2,2,2,4,3,5|1|4|3|2|6,1,53,1,7,,4101245,FL_47|Self-esteem,Zaz,Trustininstitutions|ImpersonalTrust,,Q92|Q55|Q91|Q92|Q93|Q94|Q98|Q99|Q96|Q97|Q95|Q100
4,2,4,2,2,2,5,2,6|7|8|2|9|5|1|10,5,5,5,5,5,5,5,1,,,,,,,,,,,,,,,,,,2,3,3,3,4,8|6|9|7,1,2,3,2,3,3,3,6|2|3|4|1|5,1,34,4,2,,8281316,Self-esteem|FL_47,Flurp,ImpersonalTrust|Trustininstitutions,Q61|Q24|GroupAttitude|Q72|Q80|Q78|Q84|Q86|Q82|Q76|Q74|Q88,
5,4,5,3,5,3,5,4,7|9|6|5|10|2|8|1,4,4,4,4,2,2,2,1,,,,,,,,,,,,,,,,,,3,3,2,3,3,7|8|6|9,1,2,2,2,3,2,2,6|2|1|3|4|5,2,31,2,2,Nationalism,1773962,Self-esteem|FL_47,Flurp,ImpersonalTrust|Trustininstitutions,Q61|Q24|GroupAttitude|Q72|Q86|Q74|Q78|Q76|Q80|Q84|Q82|Q88,
4,4,1,1,4,4,4,4,6|10|5|1|7|8|2|9,1,1,1,5,1,1,1,1,,,,,,,,,,,,,,,,,,6,4,2,4,4,7|9|6|8,1,2,3,2,3,2,2,4|1|2|3|6|5,1,31,4,2,I don't know.,7901366,Self-esteem|FL_47,Flurp,Trustininstitutions|ImpersonalTrust,Q61|Q24|GroupAttitude|Q72|Q82|Q76|Q80|Q78|Q86|Q84|Q74|Q88,
,,,,,,,,,,,,,,,,,7,7,6,7,6,7,7,6,5|8|7|9|6|10|1|2,3,4,4,4,4,4,4,1,7,2,2,2,1,7|9|8|6,11,1,1,1,1,2,2,6|3|4|2|5|1,1,30,3,4,,9643957,Self-esteem|FL_47,Zaz,ImpersonalTrust|Trustininstitutions,,Q92|Q55|Q91|Q92|Q98|Q93|Q97|Q95|Q96|Q99|Q94|Q100
7,4,7,4,7,1,7,5,8|7|5|1|10|9|6|2,4,5,5,5,3,3,3,1,,,,,,,,,,,,,,,,,,5,3,2,2,3,9|8|7|6,1,2,2,1,3,3,3,2|1|3|4|6|5,1,35,2,3,,2399350,FL_47|Self-esteem,Flurp,Trustininstitutions|ImpersonalTrust,Q61|Q24|GroupAttitude|Q72|Q74|Q82|Q76|Q78|Q84|Q86|Q80|Q88,
5,3,2,3,4,2,5,2,5|10|7|6|9|2|1|8,3,4,3,4,1,1,2,1,,,,,,,,,,,,,,,,,,2,4,3,4,4,8|7|9|6,1,3,4,3,4,2,2,4|1|3|2|5|6,1,28,2,1,About how people feel about groups depending on what group they consider themselves a part of.,8502034,Self-esteem|FL_47,Flurp,Trustininstitutions|ImpersonalTrust,Q61|Q24|GroupAttitude|Q72|Q74|Q78|Q76|Q86|Q82|Q84|Q80|Q88,
6,4,6,2,6,3,6,4,1|9|8|2|7|6|10|5,5,5,5,4,3,2,2,1,,,,,,,,,,,,,,,,,,5,3,2,3,3,6|9|7|8,11,1,2,1,2,2,2,3|6|1|5|2|4,1,36,1,5,,7217637,Self-esteem|FL_47,Flurp,Trustininstitutions|ImpersonalTrust,Q61|Q24|GroupAttitude|Q72|Q76|Q86|Q84|Q78|Q82|Q74|Q80|Q88,
3,6,6,4,3,5,6,5,1|2|6|8|7|5|10|9,4,4,4,4,3,2,4,1,,,,,,,,,,,,,,,,,,6,3,2,4,1,7|9|6|8,11,2,3,2,3,4,1,3|5|1|4|6|2,1,27,1,1,great survey,2122771,Self-esteem|FL_47,Flurp,Trustininstitutions|ImpersonalTrust,Q61|Q24|GroupAttitude|Q72|Q80|Q84|Q86|Q76|Q74|Q82|Q78|Q88,
4,4,4,4,4,4,5,5,7|10|2|8|1|9|5|6,3,3,3,5,3,3,3,1,,,,,,,,,,,,,,,,,,7,3,3,3,3,8|7|6|9,11,1,2,2,2,2,2,6|1|4|3|5|2,2,61,4,4,others,5524059,FL_47|Self-esteem,Flurp,ImpersonalTrust|Trustininstitutions,Q61|Q24|GroupAttitude|Q72|Q86|Q84|Q82|Q78|Q80|Q76|Q74|Q88,
,,,,,,,,,,,,,,,,,3,6,2,6,2,6,3,6,2|10|5|9|6|7|1|8,5,5,4,4,2,2,1,2,5,2,1,2,2,9|7|8|6,11,1,2,1,2,2,2,6|3|4|2|5|1,1,34,2,2,cool hit,1305810,FL_47|Self-esteem,Zaz,ImpersonalTrust|Trustininstitutions,,Q92|Q55|Q91|Q92|Q96|Q94|Q95|Q97|Q99|Q93|Q98|Q100
,,,,,,,,,,,,,,,,,4,5,3,5,3,5,4,5,6|5|7|8|1|10|2|9,5,5,5,5,1,1,1,2,6,3,2,4,4,9|7|6|8,1,1,1,2,3,3,2,4|5|2|3|6|1,1,25,2,2,,572103,FL_47|Self-esteem,Zaz,ImpersonalTrust|Trustininstitutions,,Q92|Q55|Q91|Q92|Q95|Q94|Q98|Q93|Q99|Q96|Q97|Q100
,,,,,,,,,,,,,,,,,7,7,7,7,7,7,7,7,9|2|5|10|8|7|1|6,2,2,2,5,2,2,2,2,7,3,3,3,3,9|6|8|7,1,3,3,3,3,3,3,1|4|5|6|2|3,1,39,1,6,,9975010,Self-esteem|FL_47,Zaz,Trustininstitutions|ImpersonalTrust,,Q92|Q55|Q91|Q92|Q97|Q95|Q98|Q96|Q99|Q93|Q94|Q100
5,4,5,5,5,3,5,3,1|9|8|10|7|2|5|6,3,3,4,5,3,3,3,1,,,,,,,,,,,,,,,,,,2,3,2,4,4,9|8|6|7,1,1,2,3,3,2,2,4|3|1|2|5|6,1,22,2,2,,4819310,FL_47|Self-esteem,Flurp,ImpersonalTrust|Trustininstitutions,Q61|Q24|GroupAttitude|Q72|Q86|Q84|Q74|Q82|Q78|Q76|Q80|Q88,
,,,,,,,,,,,,,,,,,5,5,4,5,4,5,6,6,2|1|6|7|8|10|5|9,2,2,4,5,2,2,2,2,7,3,2,3,3,6|7|9|8,1,1,2,2,2,2,2,1|4|3|2|6|5,2,41,2,1,To see if we believe in equality in how we decide to divide our money between someone of our own group versus another.,6351139,Self-esteem|FL_47,Zaz,ImpersonalTrust|Trustininstitutions,,Q92|Q55|Q91|Q92|Q98|Q95|Q99|Q97|Q94|Q93|Q96|Q100
5,4,6,2,5,3,7,3,1|10|7|2|6|8|9|5,5,5,4,4,2,2,1,1,,,,,,,,,,,,,,,,,,6,2,1,3,3,8|7|6|9,11,1,2,1,2,2,2,3|2|5|1|4|6,1,26,2,3,I guess whether or not how much you trusted a group you are not in affected how much you were willing to divvy to them given that you couldn't keep any.,8611940,Self-esteem|FL_47,Flurp,ImpersonalTrust|Trustininstitutions,Q61|Q24|GroupAttitude|Q72|Q80|Q74|Q82|Q76|Q78|Q86|Q84|Q88,
,,,,,,,,,,,,,,,,,4,4,4,4,4,5,5,5,9|7|10|6|5|8|2|1,2,4,4,5,2,2,2,2,3,3,3,3,3,9|6|8|7,1,1,2,2,2,2,2,5|4|1|6|2|3,2,55,4,5,not sure,3948069,Self-esteem|FL_47,Zaz,Trustininstitutions|ImpersonalTrust,,Q92|Q55|Q91|Q92|Q97|Q94|Q95|Q99|Q96|Q98|Q93|Q100
4,4,2,2,2,4,1,1,9|1|8|5|7|6|10|2,4,4,4,4,4,4,4,1,,,,,,,,,,,,,,,,,,5,3,3,4,3,7|9|8|6,1,1,3,2,3,4,3,6|1|2|5|3|4,1,32,2,3,,2041465,Self-esteem|FL_47,Flurp,ImpersonalTrust|Trustininstitutions,Q61|Q24|GroupAttitude|Q72|Q74|Q78|Q82|Q80|Q84|Q86|Q76|Q88,
4,4,5,4,5,4,5,4,8|1|10|5|6|7|2|9,4,4,4,3,2,2,2,1,,,,,,,,,,,,,,,,,,5,3,3,3,3,6|8|9|7,1,1,3,2,3,3,3,1|3|5|4|2|6,2,34,4,4,,8201767,Self-esteem|FL_47,Flurp,ImpersonalTrust|Trustininstitutions,Q61|Q24|GroupAttitude|Q72|Q76|Q86|Q82|Q84|Q80|Q78|Q74|Q88,
,,,,,,,,,,,,,,,,,4,4,4,5,4,5,5,5,8|1|2|5|6|10|7|9,4,4,4,5,3,2,2,2,6,2,2,4,3,9|6|7|8,11,2,2,2,2,2,2,4|1|3|6|2|5,1,64,4,2,,3091445,Self-esteem|FL_47,Zaz,ImpersonalTrust|Trustininstitutions,,Q92|Q55|Q91|Q92|Q94|Q99|Q95|Q97|Q98|Q96|Q93|Q100
,,,,,,,,,,,,,,,,,5,5,4,4,4,4,5,6,10|2|7|8|9|1|6|5,4,4,4,4,2,3,2,2,6,3,3,3,3,6|7|8|9,11,1,2,2,3,2,2,4|3|5|6|1|2,2,48,3,4,I am not sure. ,658941,Self-esteem|FL_47,Zaz,Trustininstitutions|ImpersonalTrust,,Q92|Q55|Q91|Q92|Q97|Q99|Q95|Q93|Q94|Q98|Q96|Q100
6,6,4,4,4,4,6,6,7|8|9|1|5|6|10|2,4,4,4,4,4,4,4,1,,,,,,,,,,,,,,,,,,2,2,2,2,2,6|7|9|8,11,1,1,1,2,1,1,4|3|2|5|6|1,2,58,2,1,,5889391,Self-esteem|FL_47,Flurp,ImpersonalTrust|Trustininstitutions,Q61|Q24|GroupAttitude|Q72|Q86|Q82|Q76|Q84|Q74|Q80|Q78|Q88,
3,3,5,4,4,4,5,2,10|5|8|1|6|9|7|2,4,4,3,3,3,3,2,1,,,,,,,,,,,,,,,,,,5,3,2,3,2,9|8|7|6,1,2,1,3,2,2,2,6|1|4|5|2|3,2,34,3,2,Not sure.,3244819,FL_47|Self-esteem,Flurp,Trustininstitutions|ImpersonalTrust,Q61|Q24|GroupAttitude|Q72|Q76|Q74|Q82|Q78|Q84|Q80|Q86|Q88,
4,4,5,4,5,4,5,5,1|6|2|7|10|8|5|9,5,5,5,3,2,2,1,1,,,,,,,,,,,,,,,,,,6,3,2,3,4,7|8|6|9,1,2,3,2,3,2,3,6|2|4|1|3|5,1,30,4,3,,8975315,FL_47|Self-esteem,Flurp,Trustininstitutions|ImpersonalTrust,Q61|Q24|GroupAttitude|Q72|Q84|Q78|Q86|Q74|Q76|Q80|Q82|Q88,
,,,,,,,,,,,,,,,,,5,5,3,4,4,3,5,5,6|8|10|7|5|2|1|9,4,4,4,5,4,4,4,2,6,2,2,3,3,6|8|7|9,1,2,2,2,3,2,2,4|3|6|2|1|5,2,40,1,7,I would guess it was looking at how different groups of people (different genders or political ideologies) identify with groups they are a part of and how strong those connections are.,469600,FL_47|Self-esteem,Zaz,Trustininstitutions|ImpersonalTrust,,Q92|Q55|Q91|Q92|Q93|Q99|Q96|Q95|Q98|Q97|Q94|Q100
,,,,,,,,,,,,,,,,,4,6,2,4,3,5,4,6,1|10|5|7|6|8|2|9,2,3,2,5,2,2,2,2,5,3,3,4,4,7|9|6|8,1,1,3,2,3,3,3,3|4|1|2|6|5,2,54,1,6,,2820999,FL_47|Self-esteem,Zaz,ImpersonalTrust|Trustininstitutions,,Q92|Q55|Q91|Q92|Q94|Q97|Q99|Q96|Q93|Q98|Q95|Q100
4,4,2,2,4,3,6,5,9|7|6|10|1|2|8|5,4,4,5,4,2,2,2,1,,,,,,,,,,,,,,,,,,5,3,3,3,2,7|8|6|9,11,2,2,2,3,3,3,3|1|5|4|2|6,1,25,2,2,"I think you're interested in how we choose to divide the money, based on our own group membership (i.e., if we're more willing to give money to a Flurp if we're also a Flurp). Instructions were clear - I had no technical problems. Good luck.",612486,FL_47|Self-esteem,Flurp,Trustininstitutions|ImpersonalTrust,Q61|Q24|GroupAttitude|Q72|Q80|Q82|Q84|Q86|Q76|Q74|Q78|Q88,
,,,,,,,,,,,,,,,,,4,4,1,1,1,1,4,4,2|8|5|9|10|7|1|6,4,4,4,4,4,4,4,2,4,3,2,3,3,7|6|9|8,1,2,2,1,3,3,3,4|3|6|5|2|1,1,29,4,1,,4393475,Self-esteem|FL_47,Zaz,Trustininstitutions|ImpersonalTrust,,Q92|Q55|Q91|Q92|Q97|Q96|Q99|Q93|Q94|Q95|Q98|Q100
5,5,4,6,5,4,5,5,7|6|9|10|2|8|5|1,3,3,3,5,2,1,1,1,,,,,,,,,,,,,,,,,,4,3,3,3,4,6|9|8|7,11,4,3,4,3,2,3,1|5|2|6|3|4,2,30,2,7,Study on money divisions between the Flurp and Zaz teams,5058674,FL_47|Self-esteem,Flurp,Trustininstitutions|ImpersonalTrust,Q61|Q24|GroupAttitude|Q72|Q86|Q82|Q78|Q80|Q84|Q74|Q76|Q88,
,,,,,,,,,,,,,,,,,3,3,3,3,3,3,3,3,5|6|10|8|1|7|2|9,5,5,4,4,2,2,2,2,5,3,1,4,3,8|7|9|6,11,1,2,1,2,2,2,3|4|5|2|6|1,1,60,1,2,If you like belonging to a group,1763603,FL_47|Self-esteem,Zaz,ImpersonalTrust|Trustininstitutions,,Q92|Q55|Q91|Q92|Q96|Q95|Q94|Q97|Q93|Q98|Q99|Q100
,,,,,,,,,,,,,,,,,5,6,6,6,5,6,6,6,1|2|8|5|9|6|7|10,3,3,3,5,3,3,4,1,6,2,2,2,2,6|7|9|8,11,2,2,2,3,2,3,1|4|6|3|2|5,1,31,1,7,GOOD,595266,FL_47|Self-esteem,Zaz,ImpersonalTrust|Trustininstitutions,,Q92|Q55|Q91|Q92|Q99|Q93|Q97|Q94|Q98|Q96|Q95|Q100
,,,,,,,,,,,,,,,,,5,6,2,4,3,4,5,6,2|8|1|6|9|7|10|5,4,4,4,5,2,1,2,2,4,2,2,2,2,6|9|8|7,11,1,2,1,2,2,2,4|6|5|3|2|1,1,41,2,3,I'm not sure. I usually don't think to much about what the study might be about. I just do my best to provide honest answers.,6169045,Self-esteem|FL_47,Zaz,Trustininstitutions|ImpersonalTrust,,Q92|Q55|Q91|Q92|Q97|Q95|Q98|Q93|Q99|Q94|Q96|Q100
5,6,6,5,5,5,6,5,10|6|2|7|5|9|1|8,4,4,4,5,3,3,4,1,,,,,,,,,,,,,,,,,,6,1,2,1,2,7|6|9|8,11,2,2,2,1,2,1,3|1|6|2|4|5,1,29,1,4,good study,4134166,FL_47|Self-esteem,Flurp,ImpersonalTrust|Trustininstitutions,Q61|Q24|GroupAttitude|Q72|Q78|Q80|Q76|Q74|Q84|Q82|Q86|Q88,
,,,,,,,,,,,,,,,,,4,5,3,5,3,5,4,5,9|6|5|2|7|8|10|1,4,4,4,4,2,1,1,2,4,3,3,3,3,7|6|9|8,1,1,2,1,2,2,2,5|3|1|6|4|2,1,28,1,5,,4354537,FL_47|Self-esteem,Zaz,Trustininstitutions|ImpersonalTrust,,Q92|Q55|Q91|Q92|Q95|Q99|Q98|Q94|Q96|Q97|Q93|Q100
,,,,,,,,,,,,,,,,,4,6,4,6,4,6,6,6,10|8|6|9|2|1|5|7,4,5,5,3,2,2,1,2,5,1,2,2,3,9|6|7|8,11,1,2,2,2,2,2,6|1|5|4|2|3,1,24,1,7,,2991546,FL_47|Self-esteem,Zaz,ImpersonalTrust|Trustininstitutions,,Q92|Q55|Q91|Q92|Q98|Q96|Q93|Q99|Q97|Q94|Q95|Q100
6,4,6,4,6,2,6,4,7|5|1|8|10|2|6|9,4,4,4,4,2,2,2,1,,,,,,,,,,,,,,,,,,6,2,2,2,2,8|9|6|7,1,2,2,2,2,2,2,2|6|1|3|5|4,2,40,1,5,how people relate when they are in a certain group.,5077424,Self-esteem|FL_47,Flurp,Trustininstitutions|ImpersonalTrust,Q61|Q24|GroupAttitude|Q72|Q74|Q78|Q84|Q76|Q80|Q86|Q82|Q88,
,,,,,,,,,,,,,,,,,4,5,3,5,3,5,5,6,5|1|6|2|8|10|7|9,3,4,4,4,2,2,2,2,3,3,2,3,3,9|6|7|8,11,1,2,2,2,2,2,6|2|1|5|4|3,1,55,2,2,,4407698,FL_47|Self-esteem,Zaz,Trustininstitutions|ImpersonalTrust,,Q92|Q55|Q91|Q92|Q94|Q98|Q93|Q96|Q99|Q95|Q97|Q100
,,,,,,,,,,,,,,,,,6,6,6,6,2,2,6,6,10|9|2|8|7|1|6|5,2,2,2,5,2,2,2,2,6,2,2,2,3,8|6|7|9,11,1,1,1,1,1,1,1|3|5|6|2|4,1,28,4,2,n/a,6957013,Self-esteem|FL_47,Zaz,ImpersonalTrust|Trustininstitutions,,Q92|Q55|Q91|Q92|Q98|Q95|Q96|Q97|Q94|Q99|Q93|Q100
,,,,,,,,,,,,,,,,,6,5,2,5,3,4,2,3,1|9|2|7|10|6|5|8,2,2,4,3,4,3,4,1,5,2,4,2,3,7|8|9|6,11,3,2,4,2,4,2,5|2|3|4|1|6,2,28,2,3,,6640634,FL_47|Self-esteem,Zaz,ImpersonalTrust|Trustininstitutions,,Q92|Q55|Q91|Q92|Q95|Q96|Q99|Q93|Q97|Q94|Q98|Q100
5,6,6,4,7,6,6,7,9|1|2|5|6|8|7|10,4,3,4,5,4,4,4,1,,,,,,,,,,,,,,,,,,6,2,1,1,1,7|6|9|8,11,1,2,1,1,2,2,3|5|4|2|6|1,1,30,2,6,,765523,FL_47|Self-esteem,Flurp,ImpersonalTrust|Trustininstitutions,Q61|Q24|GroupAttitude|Q72|Q82|Q84|Q80|Q76|Q78|Q74|Q86|Q88,
,,,,,,,,,,,,,,,,,4,5,3,5,4,5,6,6,5|1|9|10|2|7|8|6,2,2,2,5,2,2,2,2,5,3,3,3,4,8|7|6|9,11,2,1,1,2,2,2,2|3|5|1|6|4,1,63,2,2,,3026084,Self-esteem|FL_47,Zaz,ImpersonalTrust|Trustininstitutions,,Q92|Q55|Q91|Q92|Q98|Q97|Q93|Q99|Q96|Q94|Q95|Q100
5,5,5,5,5,5,6,6,1|2|7|10|8|6|5|9,3,2,3,4,3,2,2,1,,,,,,,,,,,,,,,,,,3,1,3,3,4,7|9|8|6,11,1,2,2,3,2,2,2|5|6|4|3|1,1,53,4,4,perception of people and world.,2043925,Self-esteem|FL_47,Flurp,Trustininstitutions|ImpersonalTrust,Q61|Q24|GroupAttitude|Q72|Q78|Q86|Q74|Q82|Q76|Q84|Q80|Q88,
7,6,6,6,7,6,7,5,8|7|5|1|10|2|9|6,3,4,3,4,4,4,4,1,,,,,,,,,,,,,,,,,,6,1,2,2,1,9|7|8|6,1,2,2,2,1,1,2,3|4|2|1|5|6,1,30,1,1,good study,1314960,Self-esteem|FL_47,Flurp,ImpersonalTrust|Trustininstitutions,Q61|Q24|GroupAttitude|Q72|Q76|Q82|Q74|Q84|Q78|Q86|Q80|Q88,
4,4,5,3,5,4,4,4,2|6|7|8|9|10|5|1,2,2,2,5,2,2,2,1,,,,,,,,,,,,,,,,,,4,2,2,3,3,9|8|7|6,11,2,2,1,3,2,3,1|5|3|4|6|2,2,46,3,6,"How division into certain groups affects decision making, whether its more or less favorable even if we don't know the group make-up. ",9388167,Self-esteem|FL_47,Flurp,Trustininstitutions|ImpersonalTrust,Q61|Q24|GroupAttitude|Q72|Q78|Q74|Q82|Q84|Q86|Q80|Q76|Q88,
,,,,,,,,,,,,,,,,,6,6,3,5,3,5,7,7,2|6|5|7|8|9|10|1,2,2,2,5,1,1,1,2,6,3,3,4,4,8|9|6|7,11,1,2,1,2,3,3,1|4|3|5|2|6,1,55,1,6,,4373712,Self-esteem|FL_47,Zaz,Trustininstitutions|ImpersonalTrust,,Q92|Q55|Q91|Q92|Q94|Q95|Q97|Q98|Q93|Q99|Q96|Q100
6,5,6,5,5,6,6,5,5|7|8|1|10|6|9|2,3,3,3,4,4,4,4,2,,,,,,,,,,,,,,,,,,6,3,2,2,2,7|9|6|8,11,3,2,2,2,3,1,3|6|1|4|2|5,1,28,1,4,survey about people and groups and survey is good,3608770,Self-esteem|FL_47,Flurp,Trustininstitutions|ImpersonalTrust,Q61|Q24|GroupAttitude|Q72|Q82|Q84|Q78|Q76|Q80|Q86|Q74|Q88,
3,1,6,4,6,7,2,7,8|6|10|9|5|2|7|1,3,4,2,4,1,5,1,1,,,,,,,,,,,,,,,,,,5,1,1,2,3,7|8|6|9,11,4,1,2,3,3,1,6|2|5|4|1|3,1,32,1,6,Not really sure,6980651,FL_47|Self-esteem,Flurp,ImpersonalTrust|Trustininstitutions,Q61|Q24|GroupAttitude|Q72|Q80|Q82|Q76|Q74|Q78|Q86|Q84|Q88,
,,,,,,,,,,,,,,,,,2,3,2,3,2,2,3,2,6|8|7|2|10|1|9|5,3,3,2,4,3,3,2,2,5,4,4,4,4,8|9|6|7,1,2,3,2,3,3,3,5|1|6|4|3|2,1,27,2,3,,2076219,FL_47|Self-esteem,Zaz,ImpersonalTrust|Trustininstitutions,,Q92|Q55|Q91|Q92|Q99|Q94|Q98|Q97|Q96|Q93|Q95|Q100
7,7,7,7,7,7,7,7,8|1|10|5|7|9|2|6,1,1,1,5,1,1,1,1,,,,,,,,,,,,,,,,,,7,3,3,3,3,9|8|6|7,1,2,2,2,2,2,2,3|4|2|6|5|1,2,50,1,7,,9031279,Self-esteem|FL_47,Flurp,ImpersonalTrust|Trustininstitutions,Q61|Q24|GroupAttitude|Q72|Q80|Q78|Q74|Q84|Q82|Q76|Q86|Q88,
,,,,,,,,,,,,,,,,,4,4,4,4,4,4,4,4,10|1|8|2|5|6|9|7,3,3,3,4,3,3,3,1,4,2,2,2,2,7|6|9|8,11,2,2,2,2,2,2,1|5|4|2|6|3,2,29,4,4,,3604832,FL_47|Self-esteem,Zaz,ImpersonalTrust|Trustininstitutions,,Q92|Q55|Q91|Q92|Q94|Q93|Q97|Q96|Q95|Q98|Q99|Q100
,,,,,,,,,,,,,,,,,6,7,6,4,6,4,6,6,8|1|9|2|6|10|7|5,5,4,3,3,4,4,4,1,6,3,3,3,3,8|9|6|7,11,3,1,3,3,2,2,1|3|2|4|6|5,1,31,2,6,good,4712617,FL_47|Self-esteem,Zaz,Trustininstitutions|ImpersonalTrust,,Q92|Q55|Q91|Q92|Q97|Q95|Q98|Q96|Q94|Q93|Q99|Q100
5,5,2,2,3,3,6,5,9|6|5|1|10|2|7|8,2,2,2,4,2,2,2,1,,,,,,,,,,,,,,,,,,6,2,2,2,2,9|8|7|6,1,1,2,2,3,3,3,1|2|4|6|5|3,1,24,4,4,,791073,Self-esteem|FL_47,Flurp,Trustininstitutions|ImpersonalTrust,Q61|Q24|GroupAttitude|Q72|Q80|Q74|Q84|Q78|Q82|Q76|Q86|Q88,
,,,,,,,,,,,,,,,,,4,4,4,4,4,4,4,4,2|10|9|6|5|7|8|1,3,4,3,3,4,3,2,2,5,3,3,3,3,7|6|9|8,11,2,2,2,2,3,2,1|4|5|6|3|2,1,25,2,1,NA,6062283,FL_47|Self-esteem,Zaz,ImpersonalTrust|Trustininstitutions,,Q92|Q55|Q91|Q92|Q95|Q99|Q98|Q93|Q96|Q97|Q94|Q100
4,4,6,4,6,4,6,6,6|10|7|5|1|2|8|9,4,4,4,4,3,3,3,1,,,,,,,,,,,,,,,,,,5,1,2,3,3,6|7|9|8,11,1,2,1,2,2,2,4|3|2|6|1|5,2,57,1,7,if people are willing to donate/give/share money with others of different groups... what everyone is talking about now-- income equality.,1507262,Self-esteem|FL_47,Flurp,ImpersonalTrust|Trustininstitutions,Q61|Q24|GroupAttitude|Q72|Q80|Q84|Q86|Q78|Q82|Q76|Q74|Q88,
5,4,5,3,5,5,5,4,9|1|7|8|10|2|5|6,4,4,4,2,1,1,1,1,,,,,,,,,,,,,,,,,,2,3,3,3,4,7|9|8|6,1,3,4,3,4,3,3,6|4|1|2|5|3,2,26,3,2,To study peoples' propensities to remain loyal to a specific group they belong to ?,1764551,Self-esteem|FL_47,Flurp,Trustininstitutions|ImpersonalTrust,Q61|Q24|GroupAttitude|Q72|Q78|Q80|Q82|Q74|Q84|Q76|Q86|Q88,
,,,,,,,,,,,,,,,,,2,6,1,6,1,6,2,6,5|7|8|1|9|6|10|2,5,5,4,2,1,1,1,2,5,3,3,3,3,8|7|9|6,1,1,2,2,3,3,3,1|4|3|5|6|2,1,30,1,5,,7552137,FL_47|Self-esteem,Zaz,Trustininstitutions|ImpersonalTrust,,Q92|Q55|Q91|Q92|Q96|Q95|Q98|Q97|Q99|Q93|Q94|Q100
,,,,,,,,,,,,,,,,,7,7,7,7,7,7,7,7,10|6|7|9|8|1|2|5,1,1,1,5,1,1,1,2,7,3,3,3,3,8|6|7|9,1,2,2,2,2,2,2,1|2|6|4|5|3,2,40,1,6,,4151308,FL_47|Self-esteem,Zaz,Trustininstitutions|ImpersonalTrust,,Q92|Q55|Q91|Q92|Q93|Q97|Q94|Q96|Q98|Q99|Q95|Q100
,,,,,,,,,,,,,,,,,5,3,6,3,5,5,5,5,1|5|7|2|9|6|8|10,4,2,4,4,2,2,4,2,5,3,2,3,3,7|9|8|6,11,1,3,2,3,3,3,2|1|5|4|3|6,2,45,2,3,not sure,4260096,Self-esteem|FL_47,Zaz,ImpersonalTrust|Trustininstitutions,,Q92|Q55|Q91|Q92|Q93|Q95|Q99|Q98|Q96|Q94|Q97|Q100
,,,,,,,,,,,,,,,,,7,5,6,5,6,5,6,5,8|7|2|1|9|5|10|6,4,3,4,4,4,4,4,1,5,1,2,2,1,7|8|6|9,11,2,4,3,2,3,3,1|5|3|4|6|2,1,50,1,6,,157151,Self-esteem|FL_47,Zaz,ImpersonalTrust|Trustininstitutions,,Q92|Q55|Q91|Q92|Q93|Q98|Q97|Q94|Q96|Q95|Q99|Q100
5,5,5,5,5,5,5,5,5|9|10|2|8|1|6|7,2,2,2,5,3,2,2,1,,,,,,,,,,,,,,,,,,4,2,1,1,2,8|7|6|9,1,2,3,2,4,3,3,3|2|6|1|4|5,2,46,1,4,How people identify with a group,8630071,Self-esteem|FL_47,Flurp,Trustininstitutions|ImpersonalTrust,Q61|Q24|GroupAttitude|Q72|Q82|Q74|Q86|Q80|Q76|Q84|Q78|Q88,
,,,,,,,,,,,,,,,,,4,5,4,4,4,5,3,5,2|10|8|6|7|5|1|9,4,4,4,3,2,1,1,2,4,2,2,2,3,7|9|8|6,11,2,2,2,3,3,3,4|6|1|3|5|2,1,28,4,4,,1151680,Self-esteem|FL_47,Zaz,Trustininstitutions|ImpersonalTrust,,Q92|Q55|Q91|Q92|Q99|Q97|Q96|Q98|Q95|Q94|Q93|Q100
6,2,6,2,6,2,6,3,9|6|7|1|10|2|5|8,4,4,4,4,2,2,2,1,,,,,,,,,,,,,,,,,,5,2,2,2,3,7|9|6|8,11,1,2,2,2,3,2,2|1|4|6|5|3,1,37,2,2,I guess it was about how much trust and love we have for people in our own group.,2785266,FL_47|Self-esteem,Flurp,Trustininstitutions|ImpersonalTrust,Q61|Q24|GroupAttitude|Q72|Q76|Q86|Q84|Q78|Q82|Q80|Q74|Q88,
5,4,6,5,6,3,6,3,6|9|2|8|1|7|10|5,4,4,4,4,2,2,2,1,,,,,,,,,,,,,,,,,,6,2,2,2,3,6|9|7|8,11,2,2,2,2,2,2,5|4|3|2|6|1,1,64,2,2,,9283618,FL_47|Self-esteem,Flurp,ImpersonalTrust|Trustininstitutions,Q61|Q24|GroupAttitude|Q72|Q82|Q80|Q84|Q76|Q86|Q74|Q78|Q88,
4,4,1,1,2,1,4,4,5|7|9|8|6|10|2|1,2,2,2,5,2,2,2,1,,,,,,,,,,,,,,,,,,1,3,3,4,4,6|7|8|9,1,1,4,2,4,4,4,4|1|6|5|2|3,1,28,2,3,I think this study was about tribalism. ,7938040,Self-esteem|FL_47,Flurp,Trustininstitutions|ImpersonalTrust,Q61|Q24|GroupAttitude|Q72|Q78|Q86|Q82|Q76|Q84|Q80|Q74|Q88,
,,,,,,,,,,,,,,,,,5,5,5,5,4,4,4,4,5|7|2|10|1|9|6|8,3,3,3,4,3,4,3,2,5,2,2,3,3,9|6|8|7,11,3,3,2,2,2,3,4|1|3|6|5|2,1,69,1,6,good,5638178,FL_47|Self-esteem,Zaz,ImpersonalTrust|Trustininstitutions,,Q92|Q55|Q91|Q92|Q96|Q97|Q95|Q99|Q94|Q98|Q93|Q100
5,5,4,4,5,4,5,5,7|10|5|2|1|9|6|8,4,4,4,5,4,4,4,1,,,,,,,,,,,,,,,,,,4,2,2,4,3,6|7|9|8,11,1,2,1,2,2,2,3|6|2|5|1|4,2,52,2,2,,4273175,FL_47|Self-esteem,Flurp,Trustininstitutions|ImpersonalTrust,Q61|Q24|GroupAttitude|Q72|Q80|Q84|Q78|Q74|Q76|Q82|Q86|Q88,
6,4,6,4,6,2,6,5,8|2|9|5|1|10|6|7,5,4,5,2,1,1,1,1,,,,,,,,,,,,,,,,,,1,4,4,4,4,9|6|7|8,1,1,2,1,2,3,2,2|4|3|5|1|6,2,28,2,1,,7191635,Self-esteem|FL_47,Flurp,Trustininstitutions|ImpersonalTrust,Q61|Q24|GroupAttitude|Q72|Q80|Q84|Q82|Q76|Q86|Q74|Q78|Q88,
,,,,,,,,,,,,,,,,,5,6,3,6,2,6,4,6,2|1|8|5|7|9|10|6,4,4,4,2,2,2,2,2,4,2,2,2,3,7|6|9|8,11,2,2,2,2,2,2,4|1|3|5|6|2,2,33,1,4,,7939577,Self-esteem|FL_47,Zaz,Trustininstitutions|ImpersonalTrust,,Q92|Q55|Q91|Q92|Q99|Q97|Q94|Q98|Q95|Q93|Q96|Q100
6,4,6,2,6,2,6,4,2|1|6|7|8|9|5|10,2,2,2,5,2,2,2,1,,,,,,,,,,,,,,,,,,4,2,3,3,3,9|7|8|6,11,1,2,1,3,2,2,6|1|3|5|2|4,1,44,2,4,,5175621,FL_47|Self-esteem,Flurp,ImpersonalTrust|Trustininstitutions,Q61|Q24|GroupAttitude|Q72|Q86|Q82|Q78|Q74|Q84|Q80|Q76|Q88,
6,6,6,6,5,5,5,6,1|7|2|8|10|5|9|6,4,3,3,4,4,4,3,2,,,,,,,,,,,,,,,,,,6,1,2,3,2,8|9|6|7,11,2,1,2,3,2,3,6|1|3|2|5|4,1,28,1,4,survey about people and groups and survey is good,9300134,Self-esteem|FL_47,Flurp,Trustininstitutions|ImpersonalTrust,Q61|Q24|GroupAttitude|Q72|Q82|Q74|Q86|Q84|Q78|Q80|Q76|Q88,
5,4,4,2,5,3,5,4,7|2|6|1|5|10|9|8,4,4,4,3,3,2,2,1,,,,,,,,,,,,,,,,,,4,2,2,2,3,7|8|9|6,11,1,2,2,2,2,2,4|5|3|2|1|6,2,33,2,4,,9991984,FL_47|Self-esteem,Flurp,ImpersonalTrust|Trustininstitutions,Q61|Q24|GroupAttitude|Q72|Q74|Q78|Q82|Q86|Q76|Q80|Q84|Q88,
,,,,,,,,,,,,,,,,,6,6,5,7,5,7,7,7,2|5|7|1|6|10|8|9,2,2,4,5,2,2,1,2,5,3,3,4,4,6|7|9|8,1,1,2,2,2,2,2,3|4|2|1|5|6,2,47,4,4,,3286774,Self-esteem|FL_47,Zaz,ImpersonalTrust|Trustininstitutions,,Q92|Q55|Q91|Q92|Q94|Q99|Q97|Q93|Q96|Q95|Q98|Q100
6,1,6,2,7,1,7,7,6|9|7|1|5|10|2|8,4,4,4,5,1,1,5,1,,,,,,,,,,,,,,,,,,6,3,2,1,1,7|9|6|8,1,2,2,2,3,3,3,4|6|3|2|5|1,1,30,1,7,,5697828,Self-esteem|FL_47,Flurp,Trustininstitutions|ImpersonalTrust,Q61|Q24|GroupAttitude|Q72|Q84|Q78|Q86|Q76|Q80|Q82|Q74|Q88,
,,,,,,,,,,,,,,,,,5,5,4,4,4,4,5,6,10|2|8|7|9|6|1|5,1,1,2,5,1,2,2,2,1,3,3,4,3,8|7|6|9,1,1,3,2,2,2,2,4|5|1|2|6|3,2,27,4,3,,4506977,FL_47|Self-esteem,Zaz,Trustininstitutions|ImpersonalTrust,,Q92|Q55|Q91|Q92|Q99|Q96|Q95|Q98|Q94|Q97|Q93|Q100
3,6,5,4,5,5,6,5,9|10|6|5|1|7|2|8,4,2,2,3,4,4,4,2,,,,,,,,,,,,,,,,,,5,2,2,3,1,6|9|7|8,1,2,2,2,3,4,1,2|1|4|5|6|3,1,58,2,3,,4916342,FL_47|Self-esteem,Flurp,Trustininstitutions|ImpersonalTrust,Q61|Q24|GroupAttitude|Q72|Q74|Q80|Q82|Q84|Q86|Q76|Q78|Q88,
4,4,3,3,4,4,4,5,7|9|5|1|8|2|10|6,4,3,4,5,2,2,2,1,,,,,,,,,,,,,,,,,,4,3,3,3,4,8|9|6|7,11,1,2,1,3,3,2,3|2|6|4|1|5,2,36,2,2,,2873662,FL_47|Self-esteem,Flurp,Trustininstitutions|ImpersonalTrust,Q61|Q24|GroupAttitude|Q72|Q86|Q76|Q78|Q84|Q82|Q74|Q80|Q88,
,,,,,,,,,,,,,,,,,3,3,2,2,2,2,3,3,6|2|8|10|7|5|9|1,4,4,4,4,4,4,4,2,3,2,2,3,3,7|8|6|9,11,1,2,2,2,3,4,6|2|1|4|5|3,1,35,1,6,,5424015,FL_47|Self-esteem,Zaz,Trustininstitutions|ImpersonalTrust,,Q92|Q55|Q91|Q92|Q95|Q93|Q94|Q99|Q96|Q98|Q97|Q100
,,,,,,,,,,,,,,,,,6,5,6,5,5,6,5,6,2|9|10|6|5|7|1|8,4,4,2,4,2,2,2,2,5,2,2,2,3,6|8|7|9,11,1,2,1,3,2,2,1|2|5|3|4|6,1,28,4,6,,180321,Self-esteem|FL_47,Zaz,Trustininstitutions|ImpersonalTrust,,Q92|Q55|Q91|Q92|Q93|Q95|Q98|Q96|Q99|Q97|Q94|Q100
6,5,2,2,2,2,6,6,9|10|1|8|6|5|7|2,4,4,4,4,4,4,4,1,,,,,,,,,,,,,,,,,,6,2,2,4,4,7|9|6|8,1,2,2,2,3,3,3,5|1|3|6|2|4,1,40,1,5,,6859206,Self-esteem|FL_47,Flurp,ImpersonalTrust|Trustininstitutions,Q61|Q24|GroupAttitude|Q72|Q78|Q84|Q80|Q76|Q86|Q82|Q74|Q88,
,,,,,,,,,,,,,,,,,5,5,5,4,5,5,6,6,5|10|8|1|6|9|2|7,4,4,4,4,2,2,2,2,6,2,3,3,3,9|8|7|6,11,1,2,1,2,2,2,3|5|6|2|1|4,1,32,2,4,Interesting study. ,3459645,FL_47|Self-esteem,Zaz,ImpersonalTrust|Trustininstitutions,,Q92|Q55|Q91|Q92|Q97|Q96|Q99|Q95|Q98|Q94|Q93|Q100
4,4,2,4,4,2,4,2,1|5|8|10|2|9|6|7,4,4,4,4,2,2,2,1,,,,,,,,,,,,,,,,,,6,2,3,3,3,8|9|7|6,1,2,2,2,3,3,3,2|6|3|5|1|4,2,33,4,4,,3514545,Self-esteem|FL_47,Flurp,Trustininstitutions|ImpersonalTrust,Q61|Q24|GroupAttitude|Q72|Q76|Q86|Q84|Q78|Q82|Q74|Q80|Q88,
,,,,,,,,,,,,,,,,,4,4,4,4,4,4,4,4,9|6|7|10|5|2|1|8,1,1,1,5,1,1,1,2,1,4,4,4,4,9|6|8|7,1,2,4,2,4,4,4,4|1|3|6|2|5,2,36,2,2,,8543505,Self-esteem|FL_47,Zaz,ImpersonalTrust|Trustininstitutions,,Q92|Q55|Q91|Q92|Q98|Q99|Q95|Q97|Q94|Q93|Q96|Q100
7,7,4,4,4,4,7,7,8|2|1|6|9|10|5|7,1,2,4,5,4,2,1,1,,,,,,,,,,,,,,,,,,1,3,3,3,3,7|9|6|8,1,2,3,2,3,4,3,2|3|1|4|6|5,1,46,1,7,Evaluate people's degree of identification with the groups they are part of.,749837,FL_47|Self-esteem,Flurp,Trustininstitutions|ImpersonalTrust,Q61|Q24|GroupAttitude|Q72|Q78|Q82|Q86|Q80|Q74|Q84|Q76|Q88,
7,7,1,1,1,1,7,7,10|7|2|1|5|6|9|8,1,1,5,5,1,1,1,1,,,,,,,,,,,,,,,,,,7,3,3,3,3,8|6|7|9,1,4,3,3,3,3,3,3|2|4|5|1|6,1,37,1,7,,9879756,FL_47|Self-esteem,Flurp,Trustininstitutions|ImpersonalTrust,Q61|Q24|GroupAttitude|Q72|Q74|Q86|Q76|Q84|Q82|Q80|Q78|Q88,
,,,,,,,,,,,,,,,,,4,6,3,6,3,7,5,7,7|6|10|5|2|8|9|1,4,5,5,5,2,2,1,2,5,3,3,3,4,6|9|8|7,11,2,2,2,3,2,2,4|5|2|3|1|6,2,41,2,1,,9288150,FL_47|Self-esteem,Zaz,ImpersonalTrust|Trustininstitutions,,Q92|Q55|Q91|Q92|Q93|Q97|Q94|Q98|Q95|Q96|Q99|Q100
4,4,3,4,3,4,4,4,2|10|6|7|5|8|9|1,4,4,4,5,4,4,4,1,,,,,,,,,,,,,,,,,,4,4,4,4,4,8|6|9|7,1,1,4,3,4,4,4,5|1|6|2|3|4,2,34,3,5,,3385304,FL_47|Self-esteem,Flurp,Trustininstitutions|ImpersonalTrust,Q61|Q24|GroupAttitude|Q72|Q76|Q78|Q84|Q82|Q74|Q80|Q86|Q88,
,,,,,,,,,,,,,,,,,6,6,6,6,6,6,6,6,8|5|7|2|9|1|10|6,5,5,4,4,2,2,2,2,6,2,2,3,4,8|6|9|7,11,1,2,1,2,2,2,2|6|4|1|3|5,1,29,4,3,,218415,Self-esteem|FL_47,Zaz,ImpersonalTrust|Trustininstitutions,,Q92|Q55|Q91|Q92|Q95|Q93|Q94|Q96|Q97|Q98|Q99|Q100
6,3,7,3,7,3,7,5,10|8|2|1|9|5|7|6,5,5,5,4,2,2,2,1,,,,,,,,,,,,,,,,,,6,3,3,2,4,8|6|7|9,1,1,3,2,4,4,3,1|4|2|5|3|6,1,27,4,1,,848598,FL_47|Self-esteem,Flurp,ImpersonalTrust|Trustininstitutions,Q61|Q24|GroupAttitude|Q72|Q78|Q80|Q86|Q76|Q74|Q84|Q82|Q88,
5,5,3,5,4,6,5,5,2|5|9|8|7|1|6|10,5,5,5,3,2,1,1,1,,,,,,,,,,,,,,,,,,5,2,2,3,3,9|6|8|7,1,2,3,3,3,4,2,4|6|3|1|5|2,1,33,2,1,,357361,FL_47|Self-esteem,Flurp,ImpersonalTrust|Trustininstitutions,Q61|Q24|GroupAttitude|Q72|Q76|Q80|Q82|Q86|Q78|Q74|Q84|Q88,
,,,,,,,,,,,,,,,,,5,6,5,6,4,6,5,6,6|9|10|2|8|5|7|1,4,4,4,5,4,4,2,2,5,2,1,2,2,9|8|7|6,1,2,3,3,4,3,3,1|6|2|3|4|5,1,25,2,2,Maybe studying attitudes towards unity.,8758147,Self-esteem|FL_47,Zaz,Trustininstitutions|ImpersonalTrust,,Q92|Q55|Q91|Q92|Q97|Q93|Q99|Q94|Q96|Q95|Q98|Q100
6,6,6,4,6,6,6,6,9|1|8|7|10|2|5|6,5,4,4,4,2,1,2,1,,,,,,,,,,,,,,,,,,6,2,2,2,2,8|6|9|7,1,1,2,2,3,2,2,3|5|1|2|6|4,1,26,1,6,,1886450,Self-esteem|FL_47,Flurp,ImpersonalTrust|Trustininstitutions,Q61|Q24|GroupAttitude|Q72|Q84|Q76|Q80|Q74|Q82|Q86|Q78|Q88,
,,,,,,,,,,,,,,,,,4,5,2,4,1,6,6,6,7|6|9|10|2|5|1|8,4,4,4,3,1,1,1,2,6,3,3,3,3,8|7|9|6,1,2,3,2,3,3,3,4|2|6|5|3|1,2,31,2,2,,4783738,FL_47|Self-esteem,Zaz,ImpersonalTrust|Trustininstitutions,,Q92|Q55|Q91|Q92|Q98|Q96|Q93|Q97|Q99|Q95|Q94|Q100
,,,,,,,,,,,,,,,,,5,5,3,3,3,3,5,5,7|5|10|1|6|9|8|2,2,4,4,4,5,5,5,2,6,2,3,3,4,7|9|8|6,1,2,2,2,3,3,3,6|4|5|3|2|1,1,33,4,6,,4669059,FL_47|Self-esteem,Zaz,ImpersonalTrust|Trustininstitutions,,Q92|Q55|Q91|Q92|Q94|Q98|Q97|Q99|Q96|Q93|Q95|Q100
4,4,3,5,3,3,5,4,8|6|7|5|2|1|9|10,3,3,3,3,3,2,2,1,,,,,,,,,,,,,,,,,,4,3,2,2,2,7|8|9|6,1,3,3,2,2,2,2,4|2|5|1|6|3,1,26,2,4,0,4179468,FL_47|Self-esteem,Flurp,ImpersonalTrust|Trustininstitutions,Q61|Q24|GroupAttitude|Q72|Q78|Q74|Q82|Q84|Q80|Q76|Q86|Q88,
,,,,,,,,,,,,,,,,,5,6,6,5,7,7,6,6,5|1|7|2|6|9|8|10,4,5,5,4,5,4,4,2,5,2,1,2,2,9|7|6|8,1,1,2,1,2,2,1,2|6|5|3|4|1,1,30,1,6,VERY NICE,8621676,Self-esteem|FL_47,Zaz,ImpersonalTrust|Trustininstitutions,,Q92|Q55|Q91|Q92|Q93|Q99|Q97|Q96|Q94|Q98|Q95|Q100
5,4,6,3,6,3,6,5,10|6|7|9|2|5|1|8,4,4,5,5,2,2,2,1,,,,,,,,,,,,,,,,,,6,3,3,3,3,8|7|6|9,11,1,2,1,3,2,2,5|6|4|1|2|3,1,32,2,3,,2737053,Self-esteem|FL_47,Flurp,ImpersonalTrust|Trustininstitutions,Q61|Q24|GroupAttitude|Q72|Q76|Q80|Q86|Q78|Q82|Q84|Q74|Q88,
,,,,,,,,,,,,,,,,,4,4,2,2,2,2,6,6,2|6|5|7|9|8|1|10,2,2,2,5,2,2,2,2,1,3,3,4,4,7|9|6|8,1,2,3,3,3,3,3,4|3|6|5|1|2,2,25,4,2,,8091034,FL_47|Self-esteem,Zaz,ImpersonalTrust|Trustininstitutions,,Q92|Q55|Q91|Q92|Q94|Q99|Q97|Q93|Q95|Q98|Q96|Q100
7,5,6,3,7,1,7,2,2|9|6|1|10|5|7|8,5,4,4,5,1,1,1,1,,,,,,,,,,,,,,,,,,3,1,2,3,3,9|7|8|6,1,3,3,1,3,2,2,5|1|4|6|3|2,2,35,2,3,,2122905,Self-esteem|FL_47,Flurp,Trustininstitutions|ImpersonalTrust,Q61|Q24|GroupAttitude|Q72|Q76|Q84|Q86|Q74|Q78|Q80|Q82|Q88,
,,,,,,,,,,,,,,,,,6,6,3,3,3,3,6,6,5|2|6|9|1|10|8|7,3,4,4,5,4,4,3,2,7,2,3,3,3,9|6|7|8,11,1,1,1,2,2,2,5|2|4|3|6|1,1,32,4,4,,649319,Self-esteem|FL_47,Zaz,ImpersonalTrust|Trustininstitutions,,Q92|Q55|Q91|Q92|Q94|Q97|Q98|Q95|Q93|Q99|Q96|Q100
3,3,3,1,1,1,5,5,1|10|8|2|6|5|9|7,2,2,2,4,2,2,2,1,,,,,,,,,,,,,,,,,,2,3,2,4,4,7|8|9|6,1,1,2,2,3,2,3,3|6|1|2|4|5,1,37,2,2,,6295438,Self-esteem|FL_47,Flurp,ImpersonalTrust|Trustininstitutions,Q61|Q24|GroupAttitude|Q72|Q74|Q86|Q80|Q82|Q84|Q78|Q76|Q88,
,,,,,,,,,,,,,,,,,4,4,1,1,1,1,1,1,5|1|7|2|9|6|10|8,1,1,2,3,4,5,5,2,7,4,4,4,4,7|9|8|6,1,3,4,3,4,4,4,3|5|6|2|4|1,1,29,2,3,,4933723,FL_47|Self-esteem,Zaz,ImpersonalTrust|Trustininstitutions,,Q92|Q55|Q91|Q92|Q98|Q96|Q99|Q95|Q94|Q93|Q97|Q100
5,5,7,6,6,7,7,5,1|6|5|7|9|2|8|10,3,3,5,5,3,4,4,1,,,,,,,,,,,,,,,,,,6,4,3,4,3,7|6|9|8,11,3,3,2,3,2,3,1|5|6|2|4|3,1,21,2,2,,9210215,Self-esteem|FL_47,Flurp,Trustininstitutions|ImpersonalTrust,Q61|Q24|GroupAttitude|Q72|Q86|Q82|Q84|Q78|Q74|Q80|Q76|Q88,
,,,,,,,,,,,,,,,,,7,7,7,7,7,7,7,7,8|5|1|9|2|6|7|10,3,3,3,3,3,3,3,2,1,4,4,4,4,8|9|7|6,1,4,4,4,4,4,4,2|3|6|1|4|5,1,34,4,5,,3408594,Self-esteem|FL_47,Zaz,Trustininstitutions|ImpersonalTrust,,Q92|Q55|Q91|Q92|Q95|Q96|Q94|Q98|Q99|Q97|Q93|Q100
,,,,,,,,,,,,,,,,,5,7,4,7,7,7,3,5,10|5|7|1|2|6|9|8,4,3,4,4,4,4,2,2,6,4,4,1,2,9|6|7|8,11,4,2,4,4,4,1,2|1|4|5|6|3,1,30,1,1,good,4691634,FL_47|Self-esteem,Zaz,Trustininstitutions|ImpersonalTrust,,Q92|Q55|Q91|Q92|Q97|Q94|Q93|Q95|Q96|Q99|Q98|Q100
6,6,6,6,4,5,6,6,8|10|6|1|5|9|2|7,4,4,3,4,3,4,4,1,,,,,,,,,,,,,,,,,,6,2,2,1,2,7|6|8|9,11,1,2,2,1,3,1,5|2|1|4|6|3,1,30,1,1,,690610,FL_47|Self-esteem,Flurp,ImpersonalTrust|Trustininstitutions,Q61|Q24|GroupAttitude|Q72|Q86|Q74|Q76|Q78|Q84|Q80|Q82|Q88,
,,,,,,,,,,,,,,,,,1,6,1,6,1,6,1,7,8|7|6|10|1|5|9|2,5,4,2,1,1,1,1,2,2,4,3,3,4,8|7|9|6,1,2,2,1,4,3,2,6|5|3|1|2|4,1,36,4,1,,7792125,FL_47|Self-esteem,Zaz,Trustininstitutions|ImpersonalTrust,,Q92|Q55|Q91|Q92|Q95|Q98|Q99|Q96|Q97|Q94|Q93|Q100
,,,,,,,,,,,,,,,,,1,6,1,7,3,7,2,7,7|5|10|2|8|6|9|1,5,5,4,5,2,1,1,2,5,1,2,3,3,8|9|7|6,1,3,4,2,3,2,2,1|6|2|3|4|5,1,39,2,2,,3056601,Self-esteem|FL_47,Zaz,ImpersonalTrust|Trustininstitutions,,Q92|Q55|Q91|Q92|Q94|Q99|Q98|Q96|Q95|Q93|Q97|Q100
,,,,,,,,,,,,,,,,,7,7,7,7,5,6,4,6,8|5|6|1|7|2|9|10,3,5,3,3,2,3,3,2,6,2,2,1,3,8|7|9|6,11,3,4,1,2,2,3,3|4|1|5|2|6,1,36,2,1,,4049851,Self-esteem|FL_47,Zaz,Trustininstitutions|ImpersonalTrust,,Q92|Q55|Q91|Q92|Q93|Q99|Q94|Q97|Q98|Q95|Q96|Q100
4,4,2,2,3,4,4,4,5|10|6|8|2|1|7|9,4,4,4,4,3,3,3,1,,,,,,,,,,,,,,,,,,4,3,2,3,4,9|8|7|6,11,2,3,2,3,3,3,3|2|5|1|4|6,1,33,4,1,,8084952,Self-esteem|FL_47,Flurp,ImpersonalTrust|Trustininstitutions,Q61|Q24|GroupAttitude|Q72|Q78|Q74|Q86|Q76|Q80|Q84|Q82|Q88,
3,3,3,3,2,2,2,3,9|6|10|1|7|5|8|2,4,2,4,2,3,2,3,1,,,,,,,,,,,,,,,,,,6,2,2,1,2,8|6|9|7,11,2,3,3,2,1,3,5|2|4|6|3|1,1,25,2,2,,3863388,Self-esteem|FL_47,Flurp,ImpersonalTrust|Trustininstitutions,Q61|Q24|GroupAttitude|Q72|Q86|Q76|Q78|Q74|Q84|Q82|Q80|Q88,
,,,,,,,,,,,,,,,,,1,1,1,1,1,1,1,1,1|7|9|10|6|5|8|2,3,3,3,4,3,3,3,2,6,4,3,4,4,7|9|6|8,1,3,4,4,4,4,4,3|4|1|2|5|6,1,34,4,4,,293014,FL_47|Self-esteem,Zaz,Trustininstitutions|ImpersonalTrust,,Q92|Q55|Q91|Q92|Q98|Q99|Q94|Q93|Q96|Q97|Q95|Q100
,,,,,,,,,,,,,,,,,4,4,5,5,5,4,5,5,8|2|1|5|7|6|9|10,2,2,2,4,2,2,2,2,5,3,3,3,3,8|6|9|7,1,1,2,2,3,2,2,4|3|2|5|1|6,1,31,2,1,,3150272,Self-esteem|FL_47,Zaz,ImpersonalTrust|Trustininstitutions,,Q92|Q55|Q91|Q92|Q96|Q98|Q97|Q99|Q95|Q94|Q93|Q100
6,5,5,3,6,2,6,5,5|1|7|2|6|9|10|8,5,5,5,4,2,1,1,1,,,,,,,,,,,,,,,,,,6,1,1,2,2,7|9|6|8,11,1,2,2,2,2,2,4|1|2|5|6|3,1,71,1,6,I do not know.,1157133,FL_47|Self-esteem,Flurp,ImpersonalTrust|Trustininstitutions,Q61|Q24|GroupAttitude|Q72|Q76|Q78|Q80|Q84|Q82|Q86|Q74|Q88,
4,5,4,4,5,4,6,5,1|7|9|8|6|10|5|2,5,4,4,3,2,2,2,1,,,,,,,,,,,,,,,,,,4,2,4,4,4,7|9|8|6,1,2,3,2,4,3,3,3|1|4|2|5|6,2,37,1,7,If you would be fair when allocating the money or if you would give it to the group to which you belong.,6601539,Self-esteem|FL_47,Flurp,ImpersonalTrust|Trustininstitutions,Q61|Q24|GroupAttitude|Q72|Q76|Q84|Q78|Q82|Q74|Q80|Q86|Q88,
,,,,,,,,,,,,,,,,,4,5,4,5,4,5,4,5,6|9|5|8|7|1|10|2,2,3,4,4,4,3,2,2,5,2,1,2,2,9|6|8|7,11,1,2,2,2,2,2,1|6|2|4|3|5,1,59,2,2,,4312748,Self-esteem|FL_47,Zaz,ImpersonalTrust|Trustininstitutions,,Q92|Q55|Q91|Q92|Q93|Q95|Q94|Q96|Q97|Q99|Q98|Q100
,,,,,,,,,,,,,,,,,4,5,6,4,5,5,5,5,10|9|6|1|5|7|8|2,2,4,4,4,3,3,3,2,5,2,3,2,3,7|9|8|6,11,2,2,3,3,2,2,5|1|4|3|2|6,1,26,2,4,,5871064,Self-esteem|FL_47,Zaz,ImpersonalTrust|Trustininstitutions,,Q92|Q55|Q91|Q92|Q97|Q99|Q96|Q98|Q93|Q94|Q95|Q100
3,4,5,6,4,7,3,5,8|7|9|10|5|1|2|6,1,1,4,5,2,5,1,2,,,,,,,,,,,,,,,,,,1,1,3,2,1,9|6|8|7,11,1,1,1,4,3,1,5|4|1|6|2|3,2,28,2,1,Not really sure.,7506762,FL_47|Self-esteem,Flurp,Trustininstitutions|ImpersonalTrust,Q61|Q24|GroupAttitude|Q72|Q78|Q84|Q82|Q74|Q80|Q76|Q86|Q88,
7,7,5,4,7,4,7,4,9|2|10|7|6|1|8|5,3,3,4,5,2,2,1,1,,,,,,,,,,,,,,,,,,6,3,3,3,3,6|9|8|7,11,1,2,1,2,2,2,1|3|6|4|2|5,1,29,1,4,,9906619,Self-esteem|FL_47,Flurp,Trustininstitutions|ImpersonalTrust,Q61|Q24|GroupAttitude|Q72|Q84|Q80|Q86|Q76|Q82|Q74|Q78|Q88,
4,4,6,6,5,7,5,5,2|10|5|9|8|7|1|6,3,3,4,4,3,3,4,1,,,,,,,,,,,,,,,,,,5,3,3,2,2,6|8|7|9,1,2,3,2,3,2,3,3|2|5|4|1|6,1,35,1,2,nice study. i like that.,6108645,FL_47|Self-esteem,Flurp,Trustininstitutions|ImpersonalTrust,Q61|Q24|GroupAttitude|Q72|Q82|Q76|Q86|Q74|Q78|Q80|Q84|Q88,
,,,,,,,,,,,,,,,,,6,5,4,6,4,5,6,5,7|2|1|5|8|9|10|6,3,3,3,3,3,3,3,1,5,3,2,3,2,8|7|6|9,1,2,2,3,3,2,3,5|4|1|3|2|6,1,30,1,2,nice study. i like that,2813863,FL_47|Self-esteem,Zaz,Trustininstitutions|ImpersonalTrust,,Q92|Q55|Q91|Q92|Q94|Q98|Q96|Q95|Q99|Q97|Q93|Q100
5,4,5,2,7,1,6,2,8|7|2|5|9|6|10|1,4,4,4,1,2,1,1,1,,,,,,,,,,,,,,,,,,7,2,3,4,3,8|7|9|6,11,1,2,1,3,4,3,3|1|2|5|6|4,1,34,2,1,,1150597,Self-esteem|FL_47,Flurp,Trustininstitutions|ImpersonalTrust,Q61|Q24|GroupAttitude|Q72|Q80|Q86|Q74|Q84|Q82|Q76|Q78|Q88,
6,7,7,7,6,4,4,7,10|9|7|1|8|2|6|5,5,5,5,5,2,2,2,1,,,,,,,,,,,,,,,,,,6,3,4,2,1,8|7|6|9,1,1,3,4,2,1,1,5|3|6|1|2|4,1,34,2,3,,8599500,Self-esteem|FL_47,Flurp,Trustininstitutions|ImpersonalTrust,Q61|Q24|GroupAttitude|Q72|Q78|Q74|Q82|Q76|Q80|Q84|Q86|Q88,
4,4,4,4,4,4,6,6,9|5|1|7|10|6|2|8,2,2,4,4,2,2,2,1,,,,,,,,,,,,,,,,,,5,2,2,3,3,8|7|9|6,11,2,2,2,2,2,2,1|3|4|2|5|6,1,61,4,3,,9309573,Self-esteem|FL_47,Flurp,Trustininstitutions|ImpersonalTrust,Q61|Q24|GroupAttitude|Q72|Q82|Q74|Q78|Q76|Q80|Q86|Q84|Q88,
4,4,4,4,4,4,4,4,6|2|9|7|5|1|8|10,2,2,2,5,2,2,2,1,,,,,,,,,,,,,,,,,,6,4,4,4,4,8|6|9|7,1,4,4,4,4,4,4,2|5|3|1|6|4,2,47,1,5,,3296538,Self-esteem|FL_47,Flurp,ImpersonalTrust|Trustininstitutions,Q61|Q24|GroupAttitude|Q72|Q84|Q82|Q76|Q78|Q74|Q86|Q80|Q88,
,,,,,,,,,,,,,,,,,4,6,2,6,4,6,4,6,5|10|6|1|9|2|8|7,2,3,4,5,2,2,1,2,6,3,2,3,3,6|8|7|9,11,1,2,2,2,2,2,3|5|1|6|4|2,1,29,4,3,,6980113,FL_47|Self-esteem,Zaz,ImpersonalTrust|Trustininstitutions,,Q92|Q55|Q91|Q92|Q95|Q98|Q94|Q96|Q93|Q99|Q97|Q100
,,,,,,,,,,,,,,,,,1,7,2,6,1,6,2,7,5|9|8|2|10|1|6|7,2,2,4,5,4,4,4,2,6,2,2,2,2,8|9|7|6,11,1,2,2,3,3,3,2|4|1|3|6|5,1,32,2,3,,3311935,Self-esteem|FL_47,Zaz,ImpersonalTrust|Trustininstitutions,,Q92|Q55|Q91|Q92|Q93|Q97|Q95|Q94|Q99|Q96|Q98|Q100
,,,,,,,,,,,,,,,,,4,4,4,4,4,4,4,4,8|6|2|10|9|7|5|1,3,3,3,5,3,3,3,2,7,3,3,3,3,6|7|9|8,1,2,2,2,2,3,2,6|4|3|2|5|1,2,32,2,1,How people feel towards groups!,520439,FL_47|Self-esteem,Zaz,Trustininstitutions|ImpersonalTrust,,Q92|Q55|Q91|Q92|Q93|Q99|Q96|Q97|Q94|Q98|Q95|Q100
6,6,5,5,6,2,6,6,8|10|6|5|2|9|7|1,4,4,4,5,4,4,4,1,,,,,,,,,,,,,,,,,,2,3,3,3,3,7|6|9|8,11,1,2,1,2,2,2,2|3|1|5|4|6,1,41,2,1,group identity and allocation behavior?,1575244,Self-esteem|FL_47,Flurp,ImpersonalTrust|Trustininstitutions,Q61|Q24|GroupAttitude|Q72|Q84|Q82|Q76|Q74|Q86|Q78|Q80|Q88,
,,,,,,,,,,,,,,,,,2,4,6,3,4,2,5,2,9|6|8|10|5|1|7|2,5,2,3,3,4,1,4,2,6,1,1,3,2,7|6|9|8,11,3,4,2,2,1,1,3|1|2|5|6|4,2,29,1,4,I don't have any comments.,9659482,Self-esteem|FL_47,Zaz,ImpersonalTrust|Trustininstitutions,,Q92|Q55|Q91|Q92|Q99|Q96|Q94|Q97|Q95|Q98|Q93|Q100
6,3,5,3,5,3,5,3,7|5|9|6|8|10|1|2,4,4,4,2,2,2,2,1,,,,,,,,,,,,,,,,,,6,2,2,2,2,6|8|9|7,11,1,2,2,3,3,3,2|6|1|3|4|5,2,30,2,3,,1016656,Self-esteem|FL_47,Flurp,Trustininstitutions|ImpersonalTrust,Q61|Q24|GroupAttitude|Q72|Q74|Q86|Q78|Q84|Q76|Q80|Q82|Q88,
5,4,4,5,3,5,4,3,8|5|10|9|1|2|6|7,4,4,4,2,3,4,2,1,,,,,,,,,,,,,,,,,,5,2,3,3,3,8|6|9|7,11,3,3,2,3,2,2,2|6|5|4|3|1,1,33,4,4,,8063704,FL_47|Self-esteem,Flurp,ImpersonalTrust|Trustininstitutions,Q61|Q24|GroupAttitude|Q72|Q78|Q86|Q76|Q82|Q84|Q80|Q74|Q88,
,,,,,,,,,,,,,,,,,7,7,7,7,7,7,7,7,5|8|7|1|2|9|10|6,2,2,2,5,5,5,5,2,7,2,2,2,3,9|6|8|7,11,1,1,1,3,2,2,2|5|6|1|3|4,1,27,2,3,Compassion towards others,7108311,FL_47|Self-esteem,Zaz,Trustininstitutions|ImpersonalTrust,,Q92|Q55|Q91|Q92|Q95|Q96|Q93|Q97|Q98|Q99|Q94|Q100
,,,,,,,,,,,,,,,,,3,5,3,5,3,5,3,5,2|9|10|7|8|5|6|1,5,4,5,4,2,2,2,2,6,2,2,2,3,7|6|9|8,11,1,1,1,2,1,2,3|6|1|2|4|5,1,32,1,6,,8774127,Self-esteem|FL_47,Zaz,ImpersonalTrust|Trustininstitutions,,Q92|Q55|Q91|Q92|Q97|Q99|Q94|Q98|Q96|Q93|Q95|Q100
6,6,6,5,6,5,6,6,2|10|8|7|6|9|5|1,2,2,2,5,2,2,2,1,,,,,,,,,,,,,,,,,,6,3,2,3,3,6|7|9|8,1,1,2,1,3,2,2,6|2|1|3|5|4,1,27,2,3,,99229,Self-esteem|FL_47,Flurp,ImpersonalTrust|Trustininstitutions,Q61|Q24|GroupAttitude|Q72|Q84|Q78|Q82|Q76|Q80|Q86|Q74|Q88,
,,,,,,,,,,,,,,,,,4,6,2,6,4,6,4,6,10|5|2|7|6|8|1|9,4,4,3,5,3,1,1,2,5,4,3,4,4,7|9|8|6,1,2,3,2,3,4,3,6|3|5|2|4|1,1,31,2,2,,7358771,FL_47|Self-esteem,Zaz,Trustininstitutions|ImpersonalTrust,,Q92|Q55|Q91|Q92|Q99|Q94|Q93|Q96|Q95|Q97|Q98|Q100
,,,,,,,,,,,,,,,,,7,4,2,1,7,4,7,7,5|8|2|9|10|1|7|6,2,2,4,5,4,2,2,2,2,1,2,1,1,8|6|9|7,11,1,1,1,2,2,1,5|6|2|4|3|1,1,41,2,1,,8071049,Self-esteem|FL_47,Zaz,Trustininstitutions|ImpersonalTrust,,Q92|Q55|Q91|Q92|Q97|Q96|Q98|Q99|Q94|Q93|Q95|Q100
,,,,,,,,,,,,,,,,,5,6,6,6,6,7,4,6,8|1|6|9|7|2|5|10,5,5,5,3,1,1,1,2,6,2,3,2,2,6|9|7|8,11,2,3,3,3,2,3,4|2|3|6|1|5,2,23,1,6,,5680203,FL_47|Self-esteem,Zaz,ImpersonalTrust|Trustininstitutions,,Q92|Q55|Q91|Q92|Q97|Q98|Q94|Q99|Q95|Q96|Q93|Q100
,,,,,,,,,,,,,,,,,4,4,1,2,1,2,1,4,5|7|6|2|10|1|8|9,5,5,4,2,1,1,1,2,1,4,4,4,4,9|7|8|6,1,3,2,3,4,4,3,3|4|5|2|6|1,1,35,4,4,"No further relevant comment, at this time.",5688231,FL_47|Self-esteem,Zaz,ImpersonalTrust|Trustininstitutions,,Q92|Q55|Q91|Q92|Q99|Q95|Q98|Q96|Q97|Q93|Q94|Q100
6,5,6,3,6,6,6,5,6|2|9|10|7|5|8|1,5,5,5,4,4,4,4,1,,,,,,,,,,,,,,,,,,5,2,2,3,3,7|9|8|6,11,1,2,2,2,2,2,5|2|4|6|3|1,2,42,2,2,,76874,Self-esteem|FL_47,Flurp,Trustininstitutions|ImpersonalTrust,Q61|Q24|GroupAttitude|Q72|Q82|Q86|Q84|Q74|Q80|Q76|Q78|Q88,
,,,,,,,,,,,,,,,,,5,4,4,5,4,4,5,5,6|5|2|9|10|8|7|1,3,3,3,5,3,3,3,2,2,3,3,3,3,6|8|7|9,1,3,3,2,3,3,3,4|1|6|5|2|3,1,28,2,2,,4059063,Self-esteem|FL_47,Zaz,Trustininstitutions|ImpersonalTrust,,Q92|Q55|Q91|Q92|Q97|Q93|Q95|Q96|Q98|Q94|Q99|Q100
5,6,5,5,6,6,6,5,8|10|9|5|6|7|1|2,1,2,2,5,2,1,2,1,,,,,,,,,,,,,,,,,,5,1,1,2,2,6|8|7|9,11,2,1,1,2,1,1,4|2|3|6|1|5,1,34,2,3,,7489110,FL_47|Self-esteem,Flurp,ImpersonalTrust|Trustininstitutions,Q61|Q24|GroupAttitude|Q72|Q80|Q76|Q82|Q78|Q74|Q84|Q86|Q88,
,,,,,,,,,,,,,,,,,4,6,5,5,3,6,5,6,2|8|5|10|1|7|6|9,4,4,4,4,2,2,2,2,6,3,3,3,3,9|6|7|8,1,1,2,2,3,2,2,3|6|1|2|5|4,2,40,1,6,,2258503,FL_47|Self-esteem,Zaz,Trustininstitutions|ImpersonalTrust,,Q92|Q55|Q91|Q92|Q93|Q96|Q97|Q99|Q98|Q94|Q95|Q100
5,5,1,1,5,3,7,5,6|10|2|1|5|7|9|8,1,1,1,5,1,2,1,1,,,,,,,,,,,,,,,,,,3,2,4,4,4,8|9|7|6,1,2,4,2,4,3,3,6|1|4|2|5|3,1,41,4,4,,1889936,Self-esteem|FL_47,Flurp,Trustininstitutions|ImpersonalTrust,Q61|Q24|GroupAttitude|Q72|Q84|Q78|Q76|Q80|Q74|Q86|Q82|Q88,
,,,,,,,,,,,,,,,,,2,6,2,6,2,6,2,6,10|1|9|6|7|5|2|8,5,5,5,4,2,2,2,2,2,1,2,2,1,7|8|6|9,1,1,1,1,1,2,1,1|2|5|4|3|6,1,22,4,4,,3408613,Self-esteem|FL_47,Zaz,ImpersonalTrust|Trustininstitutions,,Q92|Q55|Q91|Q92|Q97|Q98|Q94|Q99|Q95|Q96|Q93|Q100
,,,,,,,,,,,,,,,,,4,5,4,5,4,5,5,5,1|6|9|7|5|10|8|2,4,4,4,4,2,2,2,2,6,2,3,3,3,7|6|8|9,11,1,2,2,2,2,2,5|6|2|3|4|1,1,64,2,2,social thinking,6044666,FL_47|Self-esteem,Zaz,ImpersonalTrust|Trustininstitutions,,Q92|Q55|Q91|Q92|Q94|Q93|Q96|Q97|Q99|Q95|Q98|Q100
7,6,6,7,5,6,5,7,8|7|10|5|1|9|6|2,5,4,4,5,5,4,5,1,,,,,,,,,,,,,,,,,,6,2,3,3,1,9|8|6|7,11,3,1,3,2,3,2,1|4|2|3|6|5,1,30,1,6,nice,4890157,FL_47|Self-esteem,Flurp,ImpersonalTrust|Trustininstitutions,Q61|Q24|GroupAttitude|Q72|Q74|Q78|Q82|Q84|Q86|Q76|Q80|Q88,
4,4,4,4,4,4,6,2,2|5|6|1|9|10|8|7,4,4,4,4,1,1,2,1,,,,,,,,,,,,,,,,,,2,4,4,4,4,9|6|8|7,1,2,3,2,3,3,3,3|4|6|1|5|2,2,27,3,2,,3390484,FL_47|Self-esteem,Flurp,ImpersonalTrust|Trustininstitutions,Q61|Q24|GroupAttitude|Q72|Q82|Q84|Q80|Q78|Q86|Q76|Q74|Q88,
,,,,,,,,,,,,,,,,,4,5,3,5,4,4,5,5,7|8|5|1|2|6|10|9,3,4,4,5,2,1,2,2,6,3,2,3,3,8|9|7|6,1,1,2,1,2,2,2,4|1|6|2|5|3,2,26,1,6,,4462566,FL_47|Self-esteem,Zaz,Trustininstitutions|ImpersonalTrust,,Q92|Q55|Q91|Q92|Q99|Q95|Q97|Q96|Q94|Q93|Q98|Q100
,,,,,,,,,,,,,,,,,4,4,5,4,5,5,5,5,8|1|10|7|5|2|6|9,5,4,3,3,4,2,4,2,5,2,3,2,2,8|9|7|6,11,2,2,1,2,2,3,3|1|6|4|5|2,2,32,1,4,good,7766169,FL_47|Self-esteem,Zaz,Trustininstitutions|ImpersonalTrust,,Q92|Q55|Q91|Q92|Q99|Q95|Q97|Q94|Q93|Q96|Q98|Q100
6,6,4,4,4,4,6,6,6|5|2|9|1|8|10|7,2,2,2,5,2,2,2,1,,,,,,,,,,,,,,,,,,5,2,2,3,4,9|6|8|7,11,1,2,1,2,2,2,1|2|5|4|6|3,1,39,4,4,Bias towards your own group,3614745,FL_47|Self-esteem,Flurp,Trustininstitutions|ImpersonalTrust,Q61|Q24|GroupAttitude|Q72|Q74|Q84|Q86|Q78|Q76|Q80|Q82|Q88,
,,,,,,,,,,,,,,,,,6,6,4,4,4,6,5,6,10|5|2|1|7|8|6|9,2,2,2,5,2,2,2,2,4,3,3,3,4,7|8|9|6,11,1,2,1,3,2,2,1|3|6|4|5|2,1,37,4,4,To assess individuals likelihood to trust others' that don't belong to their group.,3338534,FL_47|Self-esteem,Zaz,ImpersonalTrust|Trustininstitutions,,Q92|Q55|Q91|Q92|Q96|Q95|Q99|Q97|Q94|Q93|Q98|Q100
4,4,2,1,4,4,5,1,9|1|7|2|8|10|5|6,5,5,4,2,1,1,1,1,,,,,,,,,,,,,,,,,,6,3,3,3,3,9|8|6|7,1,1,2,2,4,2,2,2|3|4|6|1|5,1,39,2,2,how people act when they're put into groups maybe...,6891129,Self-esteem|FL_47,Flurp,ImpersonalTrust|Trustininstitutions,Q61|Q24|GroupAttitude|Q72|Q78|Q80|Q86|Q74|Q82|Q76|Q84|Q88,
,,,,,,,,,,,,,,,,,5,4,4,5,4,5,5,5,5|2|10|1|9|6|8|7,4,4,4,4,3,3,3,2,1,3,3,3,3,9|7|8|6,1,1,3,2,4,2,3,2|1|5|3|4|6,2,34,2,1,,3763637,Self-esteem|FL_47,Zaz,ImpersonalTrust|Trustininstitutions,,Q92|Q55|Q91|Q92|Q94|Q97|Q99|Q98|Q95|Q96|Q93|Q100